INFO - 2024-07-10 02:17:43 --> Session: Class initialized using 'CodeIgniter\Session\Handlers\FileHandler' driver.
INFO - 2024-07-10 02:17:54 --> Session: Class initialized using 'CodeIgniter\Session\Handlers\FileHandler' driver.
INFO - 2024-07-10 02:17:54 --> Session: Class initialized using 'CodeIgniter\Session\Handlers\FileHandler' driver.
INFO - 2024-07-10 02:18:50 --> Session: Class initialized using 'CodeIgniter\Session\Handlers\FileHandler' driver.
INFO - 2024-07-10 02:19:09 --> Session: Class initialized using 'CodeIgniter\Session\Handlers\FileHandler' driver.
CRITICAL - 2024-07-10 02:37:38 --> ErrorException: Undefined variable $snapToken
in APPPATH\Views\pages\payment.php on line 87.
 1 APPPATH\Views\pages\payment.php(87): CodeIgniter\Debug\Exceptions->errorHandler(2, 'Undefined variable $snapToken', 'C:\\xampp\\htdocs\\ci4curhatkuy-min\\app\\Views\\pages\\payment.php', 87)
 2 SYSTEMPATH\View\View.php(228): include('C:\\xampp\\htdocs\\ci4curhatkuy-min\\app\\Views\\pages\\payment.php')
 3 SYSTEMPATH\View\View.php(231): CodeIgniter\View\View->CodeIgniter\View\{closure}()
 4 SYSTEMPATH\Common.php(1178): CodeIgniter\View\View->render('pages/payment', [], true)
 5 APPPATH\Controllers\Index3.php(17): view('pages/payment')
 6 SYSTEMPATH\CodeIgniter.php(943): App\Controllers\Index3->payment()
 7 SYSTEMPATH\CodeIgniter.php(503): CodeIgniter\CodeIgniter->runController(Object(App\Controllers\Index3))
 8 SYSTEMPATH\CodeIgniter.php(361): CodeIgniter\CodeIgniter->handleRequest(null, Object(Config\Cache), false)
 9 FCPATH\index.php(79): CodeIgniter\CodeIgniter->run()
CRITICAL - 2024-07-10 02:38:00 --> ErrorException: Undefined variable $snaptoken
in APPPATH\Views\pages\payment.php on line 87.
 1 APPPATH\Views\pages\payment.php(87): CodeIgniter\Debug\Exceptions->errorHandler(2, 'Undefined variable $snaptoken', 'C:\\xampp\\htdocs\\ci4curhatkuy-min\\app\\Views\\pages\\payment.php', 87)
 2 SYSTEMPATH\View\View.php(228): include('C:\\xampp\\htdocs\\ci4curhatkuy-min\\app\\Views\\pages\\payment.php')
 3 SYSTEMPATH\View\View.php(231): CodeIgniter\View\View->CodeIgniter\View\{closure}()
 4 SYSTEMPATH\Common.php(1178): CodeIgniter\View\View->render('pages/payment', [], true)
 5 APPPATH\Controllers\Index3.php(17): view('pages/payment')
 6 SYSTEMPATH\CodeIgniter.php(943): App\Controllers\Index3->payment()
 7 SYSTEMPATH\CodeIgniter.php(503): CodeIgniter\CodeIgniter->runController(Object(App\Controllers\Index3))
 8 SYSTEMPATH\CodeIgniter.php(361): CodeIgniter\CodeIgniter->handleRequest(null, Object(Config\Cache), false)
 9 FCPATH\index.php(79): CodeIgniter\CodeIgniter->run()
CRITICAL - 2024-07-10 02:38:03 --> ErrorException: Undefined variable $snaptoken
in APPPATH\Views\pages\payment.php on line 87.
 1 APPPATH\Views\pages\payment.php(87): CodeIgniter\Debug\Exceptions->errorHandler(2, 'Undefined variable $snaptoken', 'C:\\xampp\\htdocs\\ci4curhatkuy-min\\app\\Views\\pages\\payment.php', 87)
 2 SYSTEMPATH\View\View.php(228): include('C:\\xampp\\htdocs\\ci4curhatkuy-min\\app\\Views\\pages\\payment.php')
 3 SYSTEMPATH\View\View.php(231): CodeIgniter\View\View->CodeIgniter\View\{closure}()
 4 SYSTEMPATH\Common.php(1178): CodeIgniter\View\View->render('pages/payment', [], true)
 5 APPPATH\Controllers\Index3.php(17): view('pages/payment')
 6 SYSTEMPATH\CodeIgniter.php(943): App\Controllers\Index3->payment()
 7 SYSTEMPATH\CodeIgniter.php(503): CodeIgniter\CodeIgniter->runController(Object(App\Controllers\Index3))
 8 SYSTEMPATH\CodeIgniter.php(361): CodeIgniter\CodeIgniter->handleRequest(null, Object(Config\Cache), false)
 9 FCPATH\index.php(79): CodeIgniter\CodeIgniter->run()
CRITICAL - 2024-07-10 02:38:05 --> ErrorException: Undefined variable $snaptoken
in APPPATH\Views\pages\payment.php on line 87.
 1 APPPATH\Views\pages\payment.php(87): CodeIgniter\Debug\Exceptions->errorHandler(2, 'Undefined variable $snaptoken', 'C:\\xampp\\htdocs\\ci4curhatkuy-min\\app\\Views\\pages\\payment.php', 87)
 2 SYSTEMPATH\View\View.php(228): include('C:\\xampp\\htdocs\\ci4curhatkuy-min\\app\\Views\\pages\\payment.php')
 3 SYSTEMPATH\View\View.php(231): CodeIgniter\View\View->CodeIgniter\View\{closure}()
 4 SYSTEMPATH\Common.php(1178): CodeIgniter\View\View->render('pages/payment', [], true)
 5 APPPATH\Controllers\Index3.php(17): view('pages/payment')
 6 SYSTEMPATH\CodeIgniter.php(943): App\Controllers\Index3->payment()
 7 SYSTEMPATH\CodeIgniter.php(503): CodeIgniter\CodeIgniter->runController(Object(App\Controllers\Index3))
 8 SYSTEMPATH\CodeIgniter.php(361): CodeIgniter\CodeIgniter->handleRequest(null, Object(Config\Cache), false)
 9 FCPATH\index.php(79): CodeIgniter\CodeIgniter->run()
CRITICAL - 2024-07-10 02:40:01 --> ErrorException: Undefined variable $snaptoken
in APPPATH\Views\pages\payment.php on line 87.
 1 APPPATH\Views\pages\payment.php(87): CodeIgniter\Debug\Exceptions->errorHandler(2, 'Undefined variable $snaptoken', 'C:\\xampp\\htdocs\\ci4curhatkuy-min\\app\\Views\\pages\\payment.php', 87)
 2 SYSTEMPATH\View\View.php(228): include('C:\\xampp\\htdocs\\ci4curhatkuy-min\\app\\Views\\pages\\payment.php')
 3 SYSTEMPATH\View\View.php(231): CodeIgniter\View\View->CodeIgniter\View\{closure}()
 4 SYSTEMPATH\Common.php(1178): CodeIgniter\View\View->render('pages/payment', [], true)
 5 APPPATH\Controllers\Index3.php(17): view('pages/payment')
 6 SYSTEMPATH\CodeIgniter.php(943): App\Controllers\Index3->payment()
 7 SYSTEMPATH\CodeIgniter.php(503): CodeIgniter\CodeIgniter->runController(Object(App\Controllers\Index3))
 8 SYSTEMPATH\CodeIgniter.php(361): CodeIgniter\CodeIgniter->handleRequest(null, Object(Config\Cache), false)
 9 FCPATH\index.php(79): CodeIgniter\CodeIgniter->run()
CRITICAL - 2024-07-10 02:40:03 --> ErrorException: Undefined variable $snaptoken
in APPPATH\Views\pages\payment.php on line 87.
 1 APPPATH\Views\pages\payment.php(87): CodeIgniter\Debug\Exceptions->errorHandler(2, 'Undefined variable $snaptoken', 'C:\\xampp\\htdocs\\ci4curhatkuy-min\\app\\Views\\pages\\payment.php', 87)
 2 SYSTEMPATH\View\View.php(228): include('C:\\xampp\\htdocs\\ci4curhatkuy-min\\app\\Views\\pages\\payment.php')
 3 SYSTEMPATH\View\View.php(231): CodeIgniter\View\View->CodeIgniter\View\{closure}()
 4 SYSTEMPATH\Common.php(1178): CodeIgniter\View\View->render('pages/payment', [], true)
 5 APPPATH\Controllers\Index3.php(17): view('pages/payment')
 6 SYSTEMPATH\CodeIgniter.php(943): App\Controllers\Index3->payment()
 7 SYSTEMPATH\CodeIgniter.php(503): CodeIgniter\CodeIgniter->runController(Object(App\Controllers\Index3))
 8 SYSTEMPATH\CodeIgniter.php(361): CodeIgniter\CodeIgniter->handleRequest(null, Object(Config\Cache), false)
 9 FCPATH\index.php(79): CodeIgniter\CodeIgniter->run()
CRITICAL - 2024-07-10 02:41:32 --> ErrorException: Undefined variable $snapToken
in APPPATH\Views\pages\payment.php on line 87.
 1 APPPATH\Views\pages\payment.php(87): CodeIgniter\Debug\Exceptions->errorHandler(2, 'Undefined variable $snapToken', 'C:\\xampp\\htdocs\\ci4curhatkuy-min\\app\\Views\\pages\\payment.php', 87)
 2 SYSTEMPATH\View\View.php(228): include('C:\\xampp\\htdocs\\ci4curhatkuy-min\\app\\Views\\pages\\payment.php')
 3 SYSTEMPATH\View\View.php(231): CodeIgniter\View\View->CodeIgniter\View\{closure}()
 4 SYSTEMPATH\Common.php(1178): CodeIgniter\View\View->render('pages/payment', [], true)
 5 APPPATH\Controllers\Index3.php(17): view('pages/payment')
 6 SYSTEMPATH\CodeIgniter.php(943): App\Controllers\Index3->payment()
 7 SYSTEMPATH\CodeIgniter.php(503): CodeIgniter\CodeIgniter->runController(Object(App\Controllers\Index3))
 8 SYSTEMPATH\CodeIgniter.php(361): CodeIgniter\CodeIgniter->handleRequest(null, Object(Config\Cache), false)
 9 FCPATH\index.php(79): CodeIgniter\CodeIgniter->run()
CRITICAL - 2024-07-10 02:41:33 --> ErrorException: Undefined variable $snapToken
in APPPATH\Views\pages\payment.php on line 87.
 1 APPPATH\Views\pages\payment.php(87): CodeIgniter\Debug\Exceptions->errorHandler(2, 'Undefined variable $snapToken', 'C:\\xampp\\htdocs\\ci4curhatkuy-min\\app\\Views\\pages\\payment.php', 87)
 2 SYSTEMPATH\View\View.php(228): include('C:\\xampp\\htdocs\\ci4curhatkuy-min\\app\\Views\\pages\\payment.php')
 3 SYSTEMPATH\View\View.php(231): CodeIgniter\View\View->CodeIgniter\View\{closure}()
 4 SYSTEMPATH\Common.php(1178): CodeIgniter\View\View->render('pages/payment', [], true)
 5 APPPATH\Controllers\Index3.php(17): view('pages/payment')
 6 SYSTEMPATH\CodeIgniter.php(943): App\Controllers\Index3->payment()
 7 SYSTEMPATH\CodeIgniter.php(503): CodeIgniter\CodeIgniter->runController(Object(App\Controllers\Index3))
 8 SYSTEMPATH\CodeIgniter.php(361): CodeIgniter\CodeIgniter->handleRequest(null, Object(Config\Cache), false)
 9 FCPATH\index.php(79): CodeIgniter\CodeIgniter->run()
CRITICAL - 2024-07-10 02:43:10 --> ErrorException: Undefined variable $data
in APPPATH\Views\pages\payment.php on line 87.
 1 APPPATH\Views\pages\payment.php(87): CodeIgniter\Debug\Exceptions->errorHandler(2, 'Undefined variable $data', 'C:\\xampp\\htdocs\\ci4curhatkuy-min\\app\\Views\\pages\\payment.php', 87)
 2 SYSTEMPATH\View\View.php(228): include('C:\\xampp\\htdocs\\ci4curhatkuy-min\\app\\Views\\pages\\payment.php')
 3 SYSTEMPATH\View\View.php(231): CodeIgniter\View\View->CodeIgniter\View\{closure}()
 4 SYSTEMPATH\Common.php(1178): CodeIgniter\View\View->render('pages/payment', [], true)
 5 APPPATH\Controllers\Index3.php(17): view('pages/payment')
 6 SYSTEMPATH\CodeIgniter.php(943): App\Controllers\Index3->payment()
 7 SYSTEMPATH\CodeIgniter.php(503): CodeIgniter\CodeIgniter->runController(Object(App\Controllers\Index3))
 8 SYSTEMPATH\CodeIgniter.php(361): CodeIgniter\CodeIgniter->handleRequest(null, Object(Config\Cache), false)
 9 FCPATH\index.php(79): CodeIgniter\CodeIgniter->run()
INFO - 2024-07-10 03:17:16 --> Session: Class initialized using 'CodeIgniter\Session\Handlers\FileHandler' driver.
INFO - 2024-07-10 04:18:48 --> Session: Class initialized using 'CodeIgniter\Session\Handlers\FileHandler' driver.
INFO - 2024-07-10 04:18:49 --> Session: Class initialized using 'CodeIgniter\Session\Handlers\FileHandler' driver.
INFO - 2024-07-10 04:18:52 --> Session: Class initialized using 'CodeIgniter\Session\Handlers\FileHandler' driver.
INFO - 2024-07-10 04:19:43 --> Session: Class initialized using 'CodeIgniter\Session\Handlers\FileHandler' driver.
INFO - 2024-07-10 04:20:27 --> Session: Class initialized using 'CodeIgniter\Session\Handlers\FileHandler' driver.
INFO - 2024-07-10 04:21:22 --> Session: Class initialized using 'CodeIgniter\Session\Handlers\FileHandler' driver.
CRITICAL - 2024-07-10 04:21:28 --> Error: Class "Midtrans\Config" not found
in APPPATH\Controllers\Payment.php on line 19.
 1 SYSTEMPATH\CodeIgniter.php(915): App\Controllers\Payment->__construct()
 2 SYSTEMPATH\CodeIgniter.php(494): CodeIgniter\CodeIgniter->createController()
 3 SYSTEMPATH\CodeIgniter.php(361): CodeIgniter\CodeIgniter->handleRequest(null, Object(Config\Cache), false)
 4 FCPATH\index.php(79): CodeIgniter\CodeIgniter->run()
CRITICAL - 2024-07-10 04:21:31 --> Error: Class "Midtrans\Config" not found
in APPPATH\Controllers\Payment.php on line 19.
 1 SYSTEMPATH\CodeIgniter.php(915): App\Controllers\Payment->__construct()
 2 SYSTEMPATH\CodeIgniter.php(494): CodeIgniter\CodeIgniter->createController()
 3 SYSTEMPATH\CodeIgniter.php(361): CodeIgniter\CodeIgniter->handleRequest(null, Object(Config\Cache), false)
 4 FCPATH\index.php(79): CodeIgniter\CodeIgniter->run()
CRITICAL - 2024-07-10 04:22:19 --> Error: Class "Midtrans\Config" not found
in APPPATH\Controllers\Payment.php on line 19.
 1 SYSTEMPATH\CodeIgniter.php(915): App\Controllers\Payment->__construct()
 2 SYSTEMPATH\CodeIgniter.php(494): CodeIgniter\CodeIgniter->createController()
 3 SYSTEMPATH\CodeIgniter.php(361): CodeIgniter\CodeIgniter->handleRequest(null, Object(Config\Cache), false)
 4 FCPATH\index.php(79): CodeIgniter\CodeIgniter->run()
INFO - 2024-07-10 04:26:27 --> Session: Class initialized using 'CodeIgniter\Session\Handlers\FileHandler' driver.
CRITICAL - 2024-07-10 04:26:31 --> ErrorException: Undefined property: stdClass::$payment_type
in APPPATH\Controllers\Payment.php on line 76.
 1 APPPATH\Controllers\Payment.php(76): CodeIgniter\Debug\Exceptions->errorHandler(2, 'Undefined property: stdClass::$payment_type', 'C:\\xampp\\htdocs\\ci4curhatkuy-min\\app\\Controllers\\Payment.php', 76)
 2 SYSTEMPATH\CodeIgniter.php(943): App\Controllers\Payment->token()
 3 SYSTEMPATH\CodeIgniter.php(503): CodeIgniter\CodeIgniter->runController(Object(App\Controllers\Payment))
 4 SYSTEMPATH\CodeIgniter.php(361): CodeIgniter\CodeIgniter->handleRequest(null, Object(Config\Cache), false)
 5 FCPATH\index.php(79): CodeIgniter\CodeIgniter->run()
CRITICAL - 2024-07-10 04:26:47 --> ErrorException: Attempt to read property "gross_amount" on null
in APPPATH\Controllers\Payment.php on line 40.
 1 APPPATH\Controllers\Payment.php(40): CodeIgniter\Debug\Exceptions->errorHandler(2, 'Attempt to read property "gross_amount" on null', 'C:\\xampp\\htdocs\\ci4curhatkuy-min\\app\\Controllers\\Payment.php', 40)
 2 SYSTEMPATH\CodeIgniter.php(943): App\Controllers\Payment->token()
 3 SYSTEMPATH\CodeIgniter.php(503): CodeIgniter\CodeIgniter->runController(Object(App\Controllers\Payment))
 4 SYSTEMPATH\CodeIgniter.php(361): CodeIgniter\CodeIgniter->handleRequest(null, Object(Config\Cache), false)
 5 FCPATH\index.php(79): CodeIgniter\CodeIgniter->run()
CRITICAL - 2024-07-10 04:27:05 --> ErrorException: Undefined property: stdClass::$payment_type
in APPPATH\Controllers\Payment.php on line 76.
 1 APPPATH\Controllers\Payment.php(76): CodeIgniter\Debug\Exceptions->errorHandler(2, 'Undefined property: stdClass::$payment_type', 'C:\\xampp\\htdocs\\ci4curhatkuy-min\\app\\Controllers\\Payment.php', 76)
 2 SYSTEMPATH\CodeIgniter.php(943): App\Controllers\Payment->token()
 3 SYSTEMPATH\CodeIgniter.php(503): CodeIgniter\CodeIgniter->runController(Object(App\Controllers\Payment))
 4 SYSTEMPATH\CodeIgniter.php(361): CodeIgniter\CodeIgniter->handleRequest(null, Object(Config\Cache), false)
 5 FCPATH\index.php(79): CodeIgniter\CodeIgniter->run()
CRITICAL - 2024-07-10 04:27:15 --> ErrorException: Undefined property: stdClass::$payment_type
in APPPATH\Controllers\Payment.php on line 76.
 1 APPPATH\Controllers\Payment.php(76): CodeIgniter\Debug\Exceptions->errorHandler(2, 'Undefined property: stdClass::$payment_type', 'C:\\xampp\\htdocs\\ci4curhatkuy-min\\app\\Controllers\\Payment.php', 76)
 2 SYSTEMPATH\CodeIgniter.php(943): App\Controllers\Payment->token()
 3 SYSTEMPATH\CodeIgniter.php(503): CodeIgniter\CodeIgniter->runController(Object(App\Controllers\Payment))
 4 SYSTEMPATH\CodeIgniter.php(361): CodeIgniter\CodeIgniter->handleRequest(null, Object(Config\Cache), false)
 5 FCPATH\index.php(79): CodeIgniter\CodeIgniter->run()
CRITICAL - 2024-07-10 04:27:26 --> ErrorException: Undefined property: stdClass::$payment_type
in APPPATH\Controllers\Payment.php on line 76.
 1 APPPATH\Controllers\Payment.php(76): CodeIgniter\Debug\Exceptions->errorHandler(2, 'Undefined property: stdClass::$payment_type', 'C:\\xampp\\htdocs\\ci4curhatkuy-min\\app\\Controllers\\Payment.php', 76)
 2 SYSTEMPATH\CodeIgniter.php(943): App\Controllers\Payment->token()
 3 SYSTEMPATH\CodeIgniter.php(503): CodeIgniter\CodeIgniter->runController(Object(App\Controllers\Payment))
 4 SYSTEMPATH\CodeIgniter.php(361): CodeIgniter\CodeIgniter->handleRequest(null, Object(Config\Cache), false)
 5 FCPATH\index.php(79): CodeIgniter\CodeIgniter->run()
INFO - 2024-07-10 04:31:32 --> Session: Class initialized using 'CodeIgniter\Session\Handlers\FileHandler' driver.
CRITICAL - 2024-07-10 04:31:36 --> ErrorException: Undefined property: stdClass::$payment_type
in APPPATH\Controllers\Payment.php on line 76.
 1 APPPATH\Controllers\Payment.php(76): CodeIgniter\Debug\Exceptions->errorHandler(2, 'Undefined property: stdClass::$payment_type', 'C:\\xampp\\htdocs\\ci4curhatkuy-min\\app\\Controllers\\Payment.php', 76)
 2 SYSTEMPATH\CodeIgniter.php(943): App\Controllers\Payment->token()
 3 SYSTEMPATH\CodeIgniter.php(503): CodeIgniter\CodeIgniter->runController(Object(App\Controllers\Payment))
 4 SYSTEMPATH\CodeIgniter.php(361): CodeIgniter\CodeIgniter->handleRequest(null, Object(Config\Cache), false)
 5 FCPATH\index.php(79): CodeIgniter\CodeIgniter->run()
INFO - 2024-07-10 04:35:06 --> Session: Class initialized using 'CodeIgniter\Session\Handlers\FileHandler' driver.
INFO - 2024-07-10 04:35:38 --> Session: Class initialized using 'CodeIgniter\Session\Handlers\FileHandler' driver.
INFO - 2024-07-10 04:35:38 --> Session: Class initialized using 'CodeIgniter\Session\Handlers\FileHandler' driver.
INFO - 2024-07-10 04:35:43 --> Session: Class initialized using 'CodeIgniter\Session\Handlers\FileHandler' driver.
CRITICAL - 2024-07-10 04:35:50 --> ErrorException: Undefined property: stdClass::$payment_type
in APPPATH\Controllers\Payment.php on line 76.
 1 APPPATH\Controllers\Payment.php(76): CodeIgniter\Debug\Exceptions->errorHandler(2, 'Undefined property: stdClass::$payment_type', 'C:\\xampp\\htdocs\\ci4curhatkuy-min\\app\\Controllers\\Payment.php', 76)
 2 SYSTEMPATH\CodeIgniter.php(943): App\Controllers\Payment->token()
 3 SYSTEMPATH\CodeIgniter.php(503): CodeIgniter\CodeIgniter->runController(Object(App\Controllers\Payment))
 4 SYSTEMPATH\CodeIgniter.php(361): CodeIgniter\CodeIgniter->handleRequest(null, Object(Config\Cache), false)
 5 FCPATH\index.php(79): CodeIgniter\CodeIgniter->run()
INFO - 2024-07-10 04:38:47 --> Session: Class initialized using 'CodeIgniter\Session\Handlers\FileHandler' driver.
CRITICAL - 2024-07-10 04:38:50 --> ErrorException: Undefined variable $snapToken
in APPPATH\Views\pages\payment.php on line 11.
 1 APPPATH\Views\pages\payment.php(11): CodeIgniter\Debug\Exceptions->errorHandler(2, 'Undefined variable $snapToken', 'C:\\xampp\\htdocs\\ci4curhatkuy-min\\app\\Views\\pages\\payment.php', 11)
 2 SYSTEMPATH\View\View.php(228): include('C:\\xampp\\htdocs\\ci4curhatkuy-min\\app\\Views\\pages\\payment.php')
 3 SYSTEMPATH\View\View.php(231): CodeIgniter\View\View->CodeIgniter\View\{closure}()
 4 SYSTEMPATH\Common.php(1178): CodeIgniter\View\View->render('pages/payment', [], true)
 5 APPPATH\Controllers\Index3.php(17): view('pages/payment')
 6 SYSTEMPATH\CodeIgniter.php(943): App\Controllers\Index3->payment()
 7 SYSTEMPATH\CodeIgniter.php(503): CodeIgniter\CodeIgniter->runController(Object(App\Controllers\Index3))
 8 SYSTEMPATH\CodeIgniter.php(361): CodeIgniter\CodeIgniter->handleRequest(null, Object(Config\Cache), false)
 9 FCPATH\index.php(79): CodeIgniter\CodeIgniter->run()
INFO - 2024-07-10 04:42:25 --> Session: Class initialized using 'CodeIgniter\Session\Handlers\FileHandler' driver.
INFO - 2024-07-10 04:42:27 --> Session: Class initialized using 'CodeIgniter\Session\Handlers\FileHandler' driver.
CRITICAL - 2024-07-10 04:42:33 --> ErrorException: Undefined property: stdClass::$payment_type
in APPPATH\Controllers\Payment.php on line 76.
 1 APPPATH\Controllers\Payment.php(76): CodeIgniter\Debug\Exceptions->errorHandler(2, 'Undefined property: stdClass::$payment_type', 'C:\\xampp\\htdocs\\ci4curhatkuy-min\\app\\Controllers\\Payment.php', 76)
 2 SYSTEMPATH\CodeIgniter.php(943): App\Controllers\Payment->token()
 3 SYSTEMPATH\CodeIgniter.php(503): CodeIgniter\CodeIgniter->runController(Object(App\Controllers\Payment))
 4 SYSTEMPATH\CodeIgniter.php(361): CodeIgniter\CodeIgniter->handleRequest(null, Object(Config\Cache), false)
 5 FCPATH\index.php(79): CodeIgniter\CodeIgniter->run()
CRITICAL - 2024-07-10 04:45:51 --> ErrorException: Undefined property: stdClass::$payment_type
in APPPATH\Controllers\Payment.php on line 76.
 1 APPPATH\Controllers\Payment.php(76): CodeIgniter\Debug\Exceptions->errorHandler(2, 'Undefined property: stdClass::$payment_type', 'C:\\xampp\\htdocs\\ci4curhatkuy-min\\app\\Controllers\\Payment.php', 76)
 2 SYSTEMPATH\CodeIgniter.php(943): App\Controllers\Payment->token()
 3 SYSTEMPATH\CodeIgniter.php(503): CodeIgniter\CodeIgniter->runController(Object(App\Controllers\Payment))
 4 SYSTEMPATH\CodeIgniter.php(361): CodeIgniter\CodeIgniter->handleRequest(null, Object(Config\Cache), false)
 5 FCPATH\index.php(79): CodeIgniter\CodeIgniter->run()
CRITICAL - 2024-07-10 04:45:53 --> ErrorException: Undefined property: stdClass::$payment_type
in APPPATH\Controllers\Payment.php on line 76.
 1 APPPATH\Controllers\Payment.php(76): CodeIgniter\Debug\Exceptions->errorHandler(2, 'Undefined property: stdClass::$payment_type', 'C:\\xampp\\htdocs\\ci4curhatkuy-min\\app\\Controllers\\Payment.php', 76)
 2 SYSTEMPATH\CodeIgniter.php(943): App\Controllers\Payment->token()
 3 SYSTEMPATH\CodeIgniter.php(503): CodeIgniter\CodeIgniter->runController(Object(App\Controllers\Payment))
 4 SYSTEMPATH\CodeIgniter.php(361): CodeIgniter\CodeIgniter->handleRequest(null, Object(Config\Cache), false)
 5 FCPATH\index.php(79): CodeIgniter\CodeIgniter->run()
INFO - 2024-07-10 04:46:12 --> Session: Class initialized using 'CodeIgniter\Session\Handlers\FileHandler' driver.
CRITICAL - 2024-07-10 04:46:18 --> ErrorException: Undefined property: stdClass::$payment_type
in APPPATH\Controllers\Payment.php on line 76.
 1 APPPATH\Controllers\Payment.php(76): CodeIgniter\Debug\Exceptions->errorHandler(2, 'Undefined property: stdClass::$payment_type', 'C:\\xampp\\htdocs\\ci4curhatkuy-min\\app\\Controllers\\Payment.php', 76)
 2 SYSTEMPATH\CodeIgniter.php(943): App\Controllers\Payment->token()
 3 SYSTEMPATH\CodeIgniter.php(503): CodeIgniter\CodeIgniter->runController(Object(App\Controllers\Payment))
 4 SYSTEMPATH\CodeIgniter.php(361): CodeIgniter\CodeIgniter->handleRequest(null, Object(Config\Cache), false)
 5 FCPATH\index.php(79): CodeIgniter\CodeIgniter->run()
CRITICAL - 2024-07-10 04:49:34 --> ErrorException: Undefined property: stdClass::$payment_type
in APPPATH\Controllers\Payment.php on line 76.
 1 APPPATH\Controllers\Payment.php(76): CodeIgniter\Debug\Exceptions->errorHandler(2, 'Undefined property: stdClass::$payment_type', 'C:\\xampp\\htdocs\\ci4curhatkuy-min\\app\\Controllers\\Payment.php', 76)
 2 SYSTEMPATH\CodeIgniter.php(943): App\Controllers\Payment->token()
 3 SYSTEMPATH\CodeIgniter.php(503): CodeIgniter\CodeIgniter->runController(Object(App\Controllers\Payment))
 4 SYSTEMPATH\CodeIgniter.php(361): CodeIgniter\CodeIgniter->handleRequest(null, Object(Config\Cache), false)
 5 FCPATH\index.php(79): CodeIgniter\CodeIgniter->run()
CRITICAL - 2024-07-10 04:51:25 --> ErrorException: Attempt to read property "gross_amount" on null
in APPPATH\Controllers\Payment.php on line 40.
 1 APPPATH\Controllers\Payment.php(40): CodeIgniter\Debug\Exceptions->errorHandler(2, 'Attempt to read property "gross_amount" on null', 'C:\\xampp\\htdocs\\ci4curhatkuy-min\\app\\Controllers\\Payment.php', 40)
 2 SYSTEMPATH\CodeIgniter.php(943): App\Controllers\Payment->token()
 3 SYSTEMPATH\CodeIgniter.php(503): CodeIgniter\CodeIgniter->runController(Object(App\Controllers\Payment))
 4 SYSTEMPATH\CodeIgniter.php(361): CodeIgniter\CodeIgniter->handleRequest(null, Object(Config\Cache), false)
 5 FCPATH\index.php(79): CodeIgniter\CodeIgniter->run()
CRITICAL - 2024-07-10 04:51:34 --> ErrorException: Undefined property: stdClass::$payment_type
in APPPATH\Controllers\Payment.php on line 76.
 1 APPPATH\Controllers\Payment.php(76): CodeIgniter\Debug\Exceptions->errorHandler(2, 'Undefined property: stdClass::$payment_type', 'C:\\xampp\\htdocs\\ci4curhatkuy-min\\app\\Controllers\\Payment.php', 76)
 2 SYSTEMPATH\CodeIgniter.php(943): App\Controllers\Payment->token()
 3 SYSTEMPATH\CodeIgniter.php(503): CodeIgniter\CodeIgniter->runController(Object(App\Controllers\Payment))
 4 SYSTEMPATH\CodeIgniter.php(361): CodeIgniter\CodeIgniter->handleRequest(null, Object(Config\Cache), false)
 5 FCPATH\index.php(79): CodeIgniter\CodeIgniter->run()
CRITICAL - 2024-07-10 04:59:23 --> ErrorException: Undefined variable $snapToken
in APPPATH\Views\pages\payment.php on line 11.
 1 APPPATH\Views\pages\payment.php(11): CodeIgniter\Debug\Exceptions->errorHandler(2, 'Undefined variable $snapToken', 'C:\\xampp\\htdocs\\ci4curhatkuy-min\\app\\Views\\pages\\payment.php', 11)
 2 SYSTEMPATH\View\View.php(228): include('C:\\xampp\\htdocs\\ci4curhatkuy-min\\app\\Views\\pages\\payment.php')
 3 SYSTEMPATH\View\View.php(231): CodeIgniter\View\View->CodeIgniter\View\{closure}()
 4 SYSTEMPATH\Common.php(1178): CodeIgniter\View\View->render('pages/payment', [], true)
 5 APPPATH\Controllers\Index3.php(17): view('pages/payment')
 6 SYSTEMPATH\CodeIgniter.php(943): App\Controllers\Index3->payment()
 7 SYSTEMPATH\CodeIgniter.php(503): CodeIgniter\CodeIgniter->runController(Object(App\Controllers\Index3))
 8 SYSTEMPATH\CodeIgniter.php(361): CodeIgniter\CodeIgniter->handleRequest(null, Object(Config\Cache), false)
 9 FCPATH\index.php(79): CodeIgniter\CodeIgniter->run()
CRITICAL - 2024-07-10 05:02:58 --> ErrorException: Undefined variable $snapToken
in APPPATH\Views\pages\payment.php on line 11.
 1 APPPATH\Views\pages\payment.php(11): CodeIgniter\Debug\Exceptions->errorHandler(2, 'Undefined variable $snapToken', 'C:\\xampp\\htdocs\\ci4curhatkuy-min\\app\\Views\\pages\\payment.php', 11)
 2 SYSTEMPATH\View\View.php(228): include('C:\\xampp\\htdocs\\ci4curhatkuy-min\\app\\Views\\pages\\payment.php')
 3 SYSTEMPATH\View\View.php(231): CodeIgniter\View\View->CodeIgniter\View\{closure}()
 4 SYSTEMPATH\Common.php(1178): CodeIgniter\View\View->render('pages/payment', [], true)
 5 APPPATH\Controllers\Index3.php(17): view('pages/payment')
 6 SYSTEMPATH\CodeIgniter.php(943): App\Controllers\Index3->payment()
 7 SYSTEMPATH\CodeIgniter.php(503): CodeIgniter\CodeIgniter->runController(Object(App\Controllers\Index3))
 8 SYSTEMPATH\CodeIgniter.php(361): CodeIgniter\CodeIgniter->handleRequest(null, Object(Config\Cache), false)
 9 FCPATH\index.php(79): CodeIgniter\CodeIgniter->run()
CRITICAL - 2024-07-10 05:03:00 --> ErrorException: Undefined variable $snapToken
in APPPATH\Views\pages\payment.php on line 11.
 1 APPPATH\Views\pages\payment.php(11): CodeIgniter\Debug\Exceptions->errorHandler(2, 'Undefined variable $snapToken', 'C:\\xampp\\htdocs\\ci4curhatkuy-min\\app\\Views\\pages\\payment.php', 11)
 2 SYSTEMPATH\View\View.php(228): include('C:\\xampp\\htdocs\\ci4curhatkuy-min\\app\\Views\\pages\\payment.php')
 3 SYSTEMPATH\View\View.php(231): CodeIgniter\View\View->CodeIgniter\View\{closure}()
 4 SYSTEMPATH\Common.php(1178): CodeIgniter\View\View->render('pages/payment', [], true)
 5 APPPATH\Controllers\Index3.php(17): view('pages/payment')
 6 SYSTEMPATH\CodeIgniter.php(943): App\Controllers\Index3->payment()
 7 SYSTEMPATH\CodeIgniter.php(503): CodeIgniter\CodeIgniter->runController(Object(App\Controllers\Index3))
 8 SYSTEMPATH\CodeIgniter.php(361): CodeIgniter\CodeIgniter->handleRequest(null, Object(Config\Cache), false)
 9 FCPATH\index.php(79): CodeIgniter\CodeIgniter->run()
CRITICAL - 2024-07-10 05:03:03 --> ErrorException: Undefined variable $snapToken
in APPPATH\Views\pages\payment.php on line 11.
 1 APPPATH\Views\pages\payment.php(11): CodeIgniter\Debug\Exceptions->errorHandler(2, 'Undefined variable $snapToken', 'C:\\xampp\\htdocs\\ci4curhatkuy-min\\app\\Views\\pages\\payment.php', 11)
 2 SYSTEMPATH\View\View.php(228): include('C:\\xampp\\htdocs\\ci4curhatkuy-min\\app\\Views\\pages\\payment.php')
 3 SYSTEMPATH\View\View.php(231): CodeIgniter\View\View->CodeIgniter\View\{closure}()
 4 SYSTEMPATH\Common.php(1178): CodeIgniter\View\View->render('pages/payment', [], true)
 5 APPPATH\Controllers\Index3.php(17): view('pages/payment')
 6 SYSTEMPATH\CodeIgniter.php(943): App\Controllers\Index3->payment()
 7 SYSTEMPATH\CodeIgniter.php(503): CodeIgniter\CodeIgniter->runController(Object(App\Controllers\Index3))
 8 SYSTEMPATH\CodeIgniter.php(361): CodeIgniter\CodeIgniter->handleRequest(null, Object(Config\Cache), false)
 9 FCPATH\index.php(79): CodeIgniter\CodeIgniter->run()
CRITICAL - 2024-07-10 05:03:36 --> ErrorException: Undefined variable $snapToken
in APPPATH\Views\pages\payment.php on line 11.
 1 APPPATH\Views\pages\payment.php(11): CodeIgniter\Debug\Exceptions->errorHandler(2, 'Undefined variable $snapToken', 'C:\\xampp\\htdocs\\ci4curhatkuy-min\\app\\Views\\pages\\payment.php', 11)
 2 SYSTEMPATH\View\View.php(228): include('C:\\xampp\\htdocs\\ci4curhatkuy-min\\app\\Views\\pages\\payment.php')
 3 SYSTEMPATH\View\View.php(231): CodeIgniter\View\View->CodeIgniter\View\{closure}()
 4 SYSTEMPATH\Common.php(1178): CodeIgniter\View\View->render('pages/payment', [], true)
 5 APPPATH\Controllers\Index3.php(17): view('pages/payment')
 6 SYSTEMPATH\CodeIgniter.php(943): App\Controllers\Index3->payment()
 7 SYSTEMPATH\CodeIgniter.php(503): CodeIgniter\CodeIgniter->runController(Object(App\Controllers\Index3))
 8 SYSTEMPATH\CodeIgniter.php(361): CodeIgniter\CodeIgniter->handleRequest(null, Object(Config\Cache), false)
 9 FCPATH\index.php(79): CodeIgniter\CodeIgniter->run()
CRITICAL - 2024-07-10 05:04:00 --> ErrorException: Undefined variable $snapToken
in APPPATH\Views\pages\payment.php on line 11.
 1 APPPATH\Views\pages\payment.php(11): CodeIgniter\Debug\Exceptions->errorHandler(2, 'Undefined variable $snapToken', 'C:\\xampp\\htdocs\\ci4curhatkuy-min\\app\\Views\\pages\\payment.php', 11)
 2 SYSTEMPATH\View\View.php(228): include('C:\\xampp\\htdocs\\ci4curhatkuy-min\\app\\Views\\pages\\payment.php')
 3 SYSTEMPATH\View\View.php(231): CodeIgniter\View\View->CodeIgniter\View\{closure}()
 4 SYSTEMPATH\Common.php(1178): CodeIgniter\View\View->render('pages/payment', [], true)
 5 APPPATH\Controllers\Index3.php(17): view('pages/payment')
 6 SYSTEMPATH\CodeIgniter.php(943): App\Controllers\Index3->payment()
 7 SYSTEMPATH\CodeIgniter.php(503): CodeIgniter\CodeIgniter->runController(Object(App\Controllers\Index3))
 8 SYSTEMPATH\CodeIgniter.php(361): CodeIgniter\CodeIgniter->handleRequest(null, Object(Config\Cache), false)
 9 FCPATH\index.php(79): CodeIgniter\CodeIgniter->run()
CRITICAL - 2024-07-10 05:04:02 --> ErrorException: Undefined variable $snapToken
in APPPATH\Views\pages\payment.php on line 11.
 1 APPPATH\Views\pages\payment.php(11): CodeIgniter\Debug\Exceptions->errorHandler(2, 'Undefined variable $snapToken', 'C:\\xampp\\htdocs\\ci4curhatkuy-min\\app\\Views\\pages\\payment.php', 11)
 2 SYSTEMPATH\View\View.php(228): include('C:\\xampp\\htdocs\\ci4curhatkuy-min\\app\\Views\\pages\\payment.php')
 3 SYSTEMPATH\View\View.php(231): CodeIgniter\View\View->CodeIgniter\View\{closure}()
 4 SYSTEMPATH\Common.php(1178): CodeIgniter\View\View->render('pages/payment', [], true)
 5 APPPATH\Controllers\Index3.php(17): view('pages/payment')
 6 SYSTEMPATH\CodeIgniter.php(943): App\Controllers\Index3->payment()
 7 SYSTEMPATH\CodeIgniter.php(503): CodeIgniter\CodeIgniter->runController(Object(App\Controllers\Index3))
 8 SYSTEMPATH\CodeIgniter.php(361): CodeIgniter\CodeIgniter->handleRequest(null, Object(Config\Cache), false)
 9 FCPATH\index.php(79): CodeIgniter\CodeIgniter->run()
CRITICAL - 2024-07-10 05:07:53 --> ErrorException: Undefined variable $snapToken
in APPPATH\Views\pages\payment.php on line 11.
 1 APPPATH\Views\pages\payment.php(11): CodeIgniter\Debug\Exceptions->errorHandler(2, 'Undefined variable $snapToken', 'C:\\xampp\\htdocs\\ci4curhatkuy-min\\app\\Views\\pages\\payment.php', 11)
 2 SYSTEMPATH\View\View.php(228): include('C:\\xampp\\htdocs\\ci4curhatkuy-min\\app\\Views\\pages\\payment.php')
 3 SYSTEMPATH\View\View.php(231): CodeIgniter\View\View->CodeIgniter\View\{closure}()
 4 SYSTEMPATH\Common.php(1178): CodeIgniter\View\View->render('pages/payment', [], true)
 5 APPPATH\Controllers\Index3.php(17): view('pages/payment')
 6 SYSTEMPATH\CodeIgniter.php(943): App\Controllers\Index3->payment()
 7 SYSTEMPATH\CodeIgniter.php(503): CodeIgniter\CodeIgniter->runController(Object(App\Controllers\Index3))
 8 SYSTEMPATH\CodeIgniter.php(361): CodeIgniter\CodeIgniter->handleRequest(null, Object(Config\Cache), false)
 9 FCPATH\index.php(79): CodeIgniter\CodeIgniter->run()
CRITICAL - 2024-07-10 05:07:55 --> ErrorException: Undefined variable $snapToken
in APPPATH\Views\pages\payment.php on line 11.
 1 APPPATH\Views\pages\payment.php(11): CodeIgniter\Debug\Exceptions->errorHandler(2, 'Undefined variable $snapToken', 'C:\\xampp\\htdocs\\ci4curhatkuy-min\\app\\Views\\pages\\payment.php', 11)
 2 SYSTEMPATH\View\View.php(228): include('C:\\xampp\\htdocs\\ci4curhatkuy-min\\app\\Views\\pages\\payment.php')
 3 SYSTEMPATH\View\View.php(231): CodeIgniter\View\View->CodeIgniter\View\{closure}()
 4 SYSTEMPATH\Common.php(1178): CodeIgniter\View\View->render('pages/payment', [], true)
 5 APPPATH\Controllers\Index3.php(17): view('pages/payment')
 6 SYSTEMPATH\CodeIgniter.php(943): App\Controllers\Index3->payment()
 7 SYSTEMPATH\CodeIgniter.php(503): CodeIgniter\CodeIgniter->runController(Object(App\Controllers\Index3))
 8 SYSTEMPATH\CodeIgniter.php(361): CodeIgniter\CodeIgniter->handleRequest(null, Object(Config\Cache), false)
 9 FCPATH\index.php(79): CodeIgniter\CodeIgniter->run()
CRITICAL - 2024-07-10 05:08:30 --> ErrorException: Undefined variable $snapToken
in APPPATH\Views\pages\payment.php on line 11.
 1 APPPATH\Views\pages\payment.php(11): CodeIgniter\Debug\Exceptions->errorHandler(2, 'Undefined variable $snapToken', 'C:\\xampp\\htdocs\\ci4curhatkuy-min\\app\\Views\\pages\\payment.php', 11)
 2 SYSTEMPATH\View\View.php(228): include('C:\\xampp\\htdocs\\ci4curhatkuy-min\\app\\Views\\pages\\payment.php')
 3 SYSTEMPATH\View\View.php(231): CodeIgniter\View\View->CodeIgniter\View\{closure}()
 4 SYSTEMPATH\Common.php(1178): CodeIgniter\View\View->render('pages/payment', [], true)
 5 APPPATH\Controllers\Index3.php(17): view('pages/payment')
 6 SYSTEMPATH\CodeIgniter.php(943): App\Controllers\Index3->payment()
 7 SYSTEMPATH\CodeIgniter.php(503): CodeIgniter\CodeIgniter->runController(Object(App\Controllers\Index3))
 8 SYSTEMPATH\CodeIgniter.php(361): CodeIgniter\CodeIgniter->handleRequest(null, Object(Config\Cache), false)
 9 FCPATH\index.php(79): CodeIgniter\CodeIgniter->run()
CRITICAL - 2024-07-10 05:09:18 --> Error: Class "Midtrans\Config" not found
in APPPATH\Controllers\payment.php on line 11.
 1 SYSTEMPATH\CodeIgniter.php(943): APP\Controllers\Payment->index()
 2 SYSTEMPATH\CodeIgniter.php(503): CodeIgniter\CodeIgniter->runController(Object(APP\Controllers\Payment))
 3 SYSTEMPATH\CodeIgniter.php(361): CodeIgniter\CodeIgniter->handleRequest(null, Object(Config\Cache), false)
 4 FCPATH\index.php(79): CodeIgniter\CodeIgniter->run()
INFO - 2024-07-10 06:06:43 --> Session: Class initialized using 'CodeIgniter\Session\Handlers\FileHandler' driver.
INFO - 2024-07-10 06:49:13 --> Session: Class initialized using 'CodeIgniter\Session\Handlers\FileHandler' driver.
INFO - 2024-07-10 06:49:21 --> Session: Class initialized using 'CodeIgniter\Session\Handlers\FileHandler' driver.
INFO - 2024-07-10 06:49:22 --> Session: Class initialized using 'CodeIgniter\Session\Handlers\FileHandler' driver.
INFO - 2024-07-10 07:16:06 --> Session: Class initialized using 'CodeIgniter\Session\Handlers\FileHandler' driver.
INFO - 2024-07-10 07:16:16 --> Session: Class initialized using 'CodeIgniter\Session\Handlers\FileHandler' driver.
INFO - 2024-07-10 07:16:17 --> Session: Class initialized using 'CodeIgniter\Session\Handlers\FileHandler' driver.
INFO - 2024-07-10 07:34:33 --> Session: Class initialized using 'CodeIgniter\Session\Handlers\FileHandler' driver.
INFO - 2024-07-10 07:34:39 --> Session: Class initialized using 'CodeIgniter\Session\Handlers\FileHandler' driver.
INFO - 2024-07-10 07:34:39 --> Session: Class initialized using 'CodeIgniter\Session\Handlers\FileHandler' driver.
CRITICAL - 2024-07-10 07:57:49 --> ErrorException: Trying to access array offset on value of type null
in APPPATH\Controllers\Payment.php on line 33.
 1 APPPATH\Controllers\Payment.php(33): CodeIgniter\Debug\Exceptions->errorHandler(2, 'Trying to access array offset on value of type null', 'C:\\xampp\\htdocs\\ci4curhatkuy\\app\\Controllers\\Payment.php', 33)
 2 SYSTEMPATH\CodeIgniter.php(943): App\Controllers\Payment->createPayment()
 3 SYSTEMPATH\CodeIgniter.php(503): CodeIgniter\CodeIgniter->runController(Object(App\Controllers\Payment))
 4 SYSTEMPATH\CodeIgniter.php(361): CodeIgniter\CodeIgniter->handleRequest(null, Object(Config\Cache), false)
 5 FCPATH\index.php(79): CodeIgniter\CodeIgniter->run()
CRITICAL - 2024-07-10 08:04:43 --> ArgumentCountError: Too few arguments to function App\Controllers\Payment::createPayment(), 0 passed in C:\xampp\htdocs\ci4curhatkuy\vendor\codeigniter4\framework\system\CodeIgniter.php on line 943 and exactly 1 expected
in APPPATH\Controllers\Payment.php on line 15.
 1 SYSTEMPATH\CodeIgniter.php(943): App\Controllers\Payment->createPayment()
 2 SYSTEMPATH\CodeIgniter.php(503): CodeIgniter\CodeIgniter->runController(Object(App\Controllers\Payment))
 3 SYSTEMPATH\CodeIgniter.php(361): CodeIgniter\CodeIgniter->handleRequest(null, Object(Config\Cache), false)
 4 FCPATH\index.php(79): CodeIgniter\CodeIgniter->run()
CRITICAL - 2024-07-10 08:07:18 --> ErrorException: Trying to access array offset on value of type null
in APPPATH\Controllers\Payment.php on line 33.
 1 APPPATH\Controllers\Payment.php(33): CodeIgniter\Debug\Exceptions->errorHandler(2, 'Trying to access array offset on value of type null', 'C:\\xampp\\htdocs\\ci4curhatkuy\\app\\Controllers\\Payment.php', 33)
 2 SYSTEMPATH\CodeIgniter.php(943): App\Controllers\Payment->createPayment()
 3 SYSTEMPATH\CodeIgniter.php(503): CodeIgniter\CodeIgniter->runController(Object(App\Controllers\Payment))
 4 SYSTEMPATH\CodeIgniter.php(361): CodeIgniter\CodeIgniter->handleRequest(null, Object(Config\Cache), false)
 5 FCPATH\index.php(79): CodeIgniter\CodeIgniter->run()
CRITICAL - 2024-07-10 08:08:31 --> ErrorException: Trying to access array offset on value of type null
in APPPATH\Controllers\Payment.php on line 33.
 1 APPPATH\Controllers\Payment.php(33): CodeIgniter\Debug\Exceptions->errorHandler(2, 'Trying to access array offset on value of type null', 'C:\\xampp\\htdocs\\ci4curhatkuy\\app\\Controllers\\Payment.php', 33)
 2 SYSTEMPATH\CodeIgniter.php(943): App\Controllers\Payment->createPayment()
 3 SYSTEMPATH\CodeIgniter.php(503): CodeIgniter\CodeIgniter->runController(Object(App\Controllers\Payment))
 4 SYSTEMPATH\CodeIgniter.php(361): CodeIgniter\CodeIgniter->handleRequest(null, Object(Config\Cache), false)
 5 FCPATH\index.php(79): CodeIgniter\CodeIgniter->run()
CRITICAL - 2024-07-10 08:17:05 --> ErrorException: Trying to access array offset on value of type null
in APPPATH\Controllers\Payment.php on line 33.
 1 APPPATH\Controllers\Payment.php(33): CodeIgniter\Debug\Exceptions->errorHandler(2, 'Trying to access array offset on value of type null', 'C:\\xampp\\htdocs\\ci4curhatkuy\\app\\Controllers\\Payment.php', 33)
 2 SYSTEMPATH\CodeIgniter.php(943): App\Controllers\Payment->createPayment()
 3 SYSTEMPATH\CodeIgniter.php(503): CodeIgniter\CodeIgniter->runController(Object(App\Controllers\Payment))
 4 SYSTEMPATH\CodeIgniter.php(361): CodeIgniter\CodeIgniter->handleRequest(null, Object(Config\Cache), false)
 5 FCPATH\index.php(79): CodeIgniter\CodeIgniter->run()
CRITICAL - 2024-07-10 08:29:04 --> ErrorException: Undefined array key "nama_lengkap"
in APPPATH\Controllers\Payment.php on line 35.
 1 APPPATH\Controllers\Payment.php(35): CodeIgniter\Debug\Exceptions->errorHandler(2, 'Undefined array key "nama_lengkap"', 'C:\\xampp\\htdocs\\ci4curhatkuy\\app\\Controllers\\Payment.php', 35)
 2 SYSTEMPATH\CodeIgniter.php(943): App\Controllers\Payment->createPayment()
 3 SYSTEMPATH\CodeIgniter.php(503): CodeIgniter\CodeIgniter->runController(Object(App\Controllers\Payment))
 4 SYSTEMPATH\CodeIgniter.php(361): CodeIgniter\CodeIgniter->handleRequest(null, Object(Config\Cache), false)
 5 FCPATH\index.php(79): CodeIgniter\CodeIgniter->run()
CRITICAL - 2024-07-10 08:30:09 --> TypeError: CodeIgniter\HTTP\Request::fetchGlobal(): Argument #3 ($filter) must be of type ?int, string given, called in C:\xampp\htdocs\ci4curhatkuy\vendor\codeigniter4\framework\system\HTTP\IncomingRequest.php on line 765
in SYSTEMPATH\HTTP\RequestTrait.php on line 249.
 1 SYSTEMPATH\HTTP\IncomingRequest.php(765): CodeIgniter\HTTP\Request->fetchGlobal('post', 'email', 'nama_lengkap', null)
 2 APPPATH\Controllers\Payment.php(16): CodeIgniter\HTTP\IncomingRequest->getPost('email', 'nama_lengkap')
 3 SYSTEMPATH\CodeIgniter.php(943): App\Controllers\Payment->createPayment()
 4 SYSTEMPATH\CodeIgniter.php(503): CodeIgniter\CodeIgniter->runController(Object(App\Controllers\Payment))
 5 SYSTEMPATH\CodeIgniter.php(361): CodeIgniter\CodeIgniter->handleRequest(null, Object(Config\Cache), false)
 6 FCPATH\index.php(79): CodeIgniter\CodeIgniter->run()
CRITICAL - 2024-07-10 08:34:55 --> TypeError: CodeIgniter\HTTP\Request::fetchGlobal(): Argument #3 ($filter) must be of type ?int, string given, called in C:\xampp\htdocs\ci4curhatkuy\vendor\codeigniter4\framework\system\HTTP\IncomingRequest.php on line 765
in SYSTEMPATH\HTTP\RequestTrait.php on line 249.
 1 SYSTEMPATH\HTTP\IncomingRequest.php(765): CodeIgniter\HTTP\Request->fetchGlobal('post', 'email', 'nama_lengkap', null)
 2 APPPATH\Controllers\Payment.php(16): CodeIgniter\HTTP\IncomingRequest->getPost('email', 'nama_lengkap')
 3 SYSTEMPATH\CodeIgniter.php(943): App\Controllers\Payment->createPayment()
 4 SYSTEMPATH\CodeIgniter.php(503): CodeIgniter\CodeIgniter->runController(Object(App\Controllers\Payment))
 5 SYSTEMPATH\CodeIgniter.php(361): CodeIgniter\CodeIgniter->handleRequest(null, Object(Config\Cache), false)
 6 FCPATH\index.php(79): CodeIgniter\CodeIgniter->run()
CRITICAL - 2024-07-10 08:36:29 --> TypeError: CodeIgniter\HTTP\Request::fetchGlobal(): Argument #3 ($filter) must be of type ?int, string given, called in C:\xampp\htdocs\ci4curhatkuy\vendor\codeigniter4\framework\system\HTTP\IncomingRequest.php on line 765
in SYSTEMPATH\HTTP\RequestTrait.php on line 249.
 1 SYSTEMPATH\HTTP\IncomingRequest.php(765): CodeIgniter\HTTP\Request->fetchGlobal('post', 'email', 'nama_lengkap', null)
 2 APPPATH\Controllers\Payment.php(16): CodeIgniter\HTTP\IncomingRequest->getPost('email', 'nama_lengkap')
 3 SYSTEMPATH\CodeIgniter.php(943): App\Controllers\Payment->createPayment()
 4 SYSTEMPATH\CodeIgniter.php(503): CodeIgniter\CodeIgniter->runController(Object(App\Controllers\Payment))
 5 SYSTEMPATH\CodeIgniter.php(361): CodeIgniter\CodeIgniter->handleRequest(null, Object(Config\Cache), false)
 6 FCPATH\index.php(79): CodeIgniter\CodeIgniter->run()
CRITICAL - 2024-07-10 08:40:53 --> ErrorException: Undefined array key "nama_lengkap"
in APPPATH\Controllers\Payment.php on line 35.
 1 APPPATH\Controllers\Payment.php(35): CodeIgniter\Debug\Exceptions->errorHandler(2, 'Undefined array key "nama_lengkap"', 'C:\\xampp\\htdocs\\ci4curhatkuy\\app\\Controllers\\Payment.php', 35)
 2 SYSTEMPATH\CodeIgniter.php(943): App\Controllers\Payment->createPayment()
 3 SYSTEMPATH\CodeIgniter.php(503): CodeIgniter\CodeIgniter->runController(Object(App\Controllers\Payment))
 4 SYSTEMPATH\CodeIgniter.php(361): CodeIgniter\CodeIgniter->handleRequest(null, Object(Config\Cache), false)
 5 FCPATH\index.php(79): CodeIgniter\CodeIgniter->run()
CRITICAL - 2024-07-10 08:43:10 --> ErrorException: Undefined array key "nama_lengkap"
in APPPATH\Controllers\Payment.php on line 35.
 1 APPPATH\Controllers\Payment.php(35): CodeIgniter\Debug\Exceptions->errorHandler(2, 'Undefined array key "nama_lengkap"', 'C:\\xampp\\htdocs\\ci4curhatkuy\\app\\Controllers\\Payment.php', 35)
 2 SYSTEMPATH\CodeIgniter.php(943): App\Controllers\Payment->createPayment()
 3 SYSTEMPATH\CodeIgniter.php(503): CodeIgniter\CodeIgniter->runController(Object(App\Controllers\Payment))
 4 SYSTEMPATH\CodeIgniter.php(361): CodeIgniter\CodeIgniter->handleRequest(null, Object(Config\Cache), false)
 5 FCPATH\index.php(79): CodeIgniter\CodeIgniter->run()
CRITICAL - 2024-07-10 08:46:18 --> ErrorException: Undefined array key "nama_lengkap"
in APPPATH\Controllers\Payment.php on line 35.
 1 APPPATH\Controllers\Payment.php(35): CodeIgniter\Debug\Exceptions->errorHandler(2, 'Undefined array key "nama_lengkap"', 'C:\\xampp\\htdocs\\ci4curhatkuy\\app\\Controllers\\Payment.php', 35)
 2 SYSTEMPATH\CodeIgniter.php(943): App\Controllers\Payment->createPayment()
 3 SYSTEMPATH\CodeIgniter.php(503): CodeIgniter\CodeIgniter->runController(Object(App\Controllers\Payment))
 4 SYSTEMPATH\CodeIgniter.php(361): CodeIgniter\CodeIgniter->handleRequest(null, Object(Config\Cache), false)
 5 FCPATH\index.php(79): CodeIgniter\CodeIgniter->run()
CRITICAL - 2024-07-10 09:09:27 --> ErrorException: Undefined array key "nama_lengkap"
in APPPATH\Controllers\Payment.php on line 35.
 1 APPPATH\Controllers\Payment.php(35): CodeIgniter\Debug\Exceptions->errorHandler(2, 'Undefined array key "nama_lengkap"', 'C:\\xampp\\htdocs\\ci4curhatkuy\\app\\Controllers\\Payment.php', 35)
 2 SYSTEMPATH\CodeIgniter.php(943): App\Controllers\Payment->createPayment()
 3 SYSTEMPATH\CodeIgniter.php(503): CodeIgniter\CodeIgniter->runController(Object(App\Controllers\Payment))
 4 SYSTEMPATH\CodeIgniter.php(361): CodeIgniter\CodeIgniter->handleRequest(null, Object(Config\Cache), false)
 5 FCPATH\index.php(79): CodeIgniter\CodeIgniter->run()
CRITICAL - 2024-07-10 09:10:37 --> ErrorException: Undefined array key "email"
in APPPATH\Controllers\Payment.php on line 36.
 1 APPPATH\Controllers\Payment.php(36): CodeIgniter\Debug\Exceptions->errorHandler(2, 'Undefined array key "email"', 'C:\\xampp\\htdocs\\ci4curhatkuy\\app\\Controllers\\Payment.php', 36)
 2 SYSTEMPATH\CodeIgniter.php(943): App\Controllers\Payment->createPayment()
 3 SYSTEMPATH\CodeIgniter.php(503): CodeIgniter\CodeIgniter->runController(Object(App\Controllers\Payment))
 4 SYSTEMPATH\CodeIgniter.php(361): CodeIgniter\CodeIgniter->handleRequest(null, Object(Config\Cache), false)
 5 FCPATH\index.php(79): CodeIgniter\CodeIgniter->run()
CRITICAL - 2024-07-10 09:14:16 --> ErrorException: Undefined array key "nama_lengkap"
in APPPATH\Controllers\Payment.php on line 35.
 1 APPPATH\Controllers\Payment.php(35): CodeIgniter\Debug\Exceptions->errorHandler(2, 'Undefined array key "nama_lengkap"', 'C:\\xampp\\htdocs\\ci4curhatkuy\\app\\Controllers\\Payment.php', 35)
 2 SYSTEMPATH\CodeIgniter.php(943): App\Controllers\Payment->createPayment()
 3 SYSTEMPATH\CodeIgniter.php(503): CodeIgniter\CodeIgniter->runController(Object(App\Controllers\Payment))
 4 SYSTEMPATH\CodeIgniter.php(361): CodeIgniter\CodeIgniter->handleRequest(null, Object(Config\Cache), false)
 5 FCPATH\index.php(79): CodeIgniter\CodeIgniter->run()
CRITICAL - 2024-07-10 09:20:29 --> ErrorException: Trying to access array offset on value of type null
in APPPATH\Controllers\Payment.php on line 33.
 1 APPPATH\Controllers\Payment.php(33): CodeIgniter\Debug\Exceptions->errorHandler(2, 'Trying to access array offset on value of type null', 'C:\\xampp\\htdocs\\ci4curhatkuy\\app\\Controllers\\Payment.php', 33)
 2 SYSTEMPATH\CodeIgniter.php(943): App\Controllers\Payment->createPayment()
 3 SYSTEMPATH\CodeIgniter.php(503): CodeIgniter\CodeIgniter->runController(Object(App\Controllers\Payment))
 4 SYSTEMPATH\CodeIgniter.php(361): CodeIgniter\CodeIgniter->handleRequest(null, Object(Config\Cache), false)
 5 FCPATH\index.php(79): CodeIgniter\CodeIgniter->run()
CRITICAL - 2024-07-10 09:23:18 --> ErrorException: Trying to access array offset on value of type null
in APPPATH\Controllers\Payment.php on line 33.
 1 APPPATH\Controllers\Payment.php(33): CodeIgniter\Debug\Exceptions->errorHandler(2, 'Trying to access array offset on value of type null', 'C:\\xampp\\htdocs\\ci4curhatkuy\\app\\Controllers\\Payment.php', 33)
 2 SYSTEMPATH\CodeIgniter.php(943): App\Controllers\Payment->createPayment()
 3 SYSTEMPATH\CodeIgniter.php(503): CodeIgniter\CodeIgniter->runController(Object(App\Controllers\Payment))
 4 SYSTEMPATH\CodeIgniter.php(361): CodeIgniter\CodeIgniter->handleRequest(null, Object(Config\Cache), false)
 5 FCPATH\index.php(79): CodeIgniter\CodeIgniter->run()
CRITICAL - 2024-07-10 09:28:38 --> Error: Call to a member function findAll() on null
in APPPATH\Controllers\Payment.php on line 18.
 1 SYSTEMPATH\CodeIgniter.php(943): App\Controllers\Payment->createPayment()
 2 SYSTEMPATH\CodeIgniter.php(503): CodeIgniter\CodeIgniter->runController(Object(App\Controllers\Payment))
 3 SYSTEMPATH\CodeIgniter.php(361): CodeIgniter\CodeIgniter->handleRequest(null, Object(Config\Cache), false)
 4 FCPATH\index.php(79): CodeIgniter\CodeIgniter->run()
CRITICAL - 2024-07-10 09:29:05 --> ErrorException: Undefined array key "nama_lengkap"
in APPPATH\Controllers\Payment.php on line 33.
 1 APPPATH\Controllers\Payment.php(33): CodeIgniter\Debug\Exceptions->errorHandler(2, 'Undefined array key "nama_lengkap"', 'C:\\xampp\\htdocs\\ci4curhatkuy\\app\\Controllers\\Payment.php', 33)
 2 SYSTEMPATH\CodeIgniter.php(943): App\Controllers\Payment->createPayment()
 3 SYSTEMPATH\CodeIgniter.php(503): CodeIgniter\CodeIgniter->runController(Object(App\Controllers\Payment))
 4 SYSTEMPATH\CodeIgniter.php(361): CodeIgniter\CodeIgniter->handleRequest(null, Object(Config\Cache), false)
 5 FCPATH\index.php(79): CodeIgniter\CodeIgniter->run()
INFO - 2024-07-10 09:42:44 --> Session: Class initialized using 'CodeIgniter\Session\Handlers\FileHandler' driver.
ERROR - 2024-07-10 09:42:45 --> mysqli_sql_exception: Unknown column 'imgpayment' in 'field list' in C:\xampp\htdocs\ci4curhatkuy\vendor\codeigniter4\framework\system\Database\MySQLi\Connection.php:306
Stack trace:
#0 C:\xampp\htdocs\ci4curhatkuy\vendor\codeigniter4\framework\system\Database\MySQLi\Connection.php(306): mysqli->query('UPDATE `payment...', 0)
#1 C:\xampp\htdocs\ci4curhatkuy\vendor\codeigniter4\framework\system\Database\BaseConnection.php(693): CodeIgniter\Database\MySQLi\Connection->execute('UPDATE `payment...')
#2 C:\xampp\htdocs\ci4curhatkuy\vendor\codeigniter4\framework\system\Database\BaseConnection.php(607): CodeIgniter\Database\BaseConnection->simpleQuery('UPDATE `payment...')
#3 C:\xampp\htdocs\ci4curhatkuy\vendor\codeigniter4\framework\system\Database\BaseBuilder.php(2474): CodeIgniter\Database\BaseConnection->query('UPDATE `payment...', Array, false)
#4 C:\xampp\htdocs\ci4curhatkuy\vendor\codeigniter4\framework\system\Model.php(394): CodeIgniter\Database\BaseBuilder->update()
#5 C:\xampp\htdocs\ci4curhatkuy\vendor\codeigniter4\framework\system\BaseModel.php(990): CodeIgniter\Model->doUpdate(Array, Array)
#6 C:\xampp\htdocs\ci4curhatkuy\vendor\codeigniter4\framework\system\Model.php(812): CodeIgniter\BaseModel->update(Array, Array)
#7 C:\xampp\htdocs\ci4curhatkuy\vendor\codeigniter4\framework\system\BaseModel.php(714): CodeIgniter\Model->update('668e5795010fc', Array)
#8 C:\xampp\htdocs\ci4curhatkuy\app\Controllers\Payment.php(45): CodeIgniter\BaseModel->save(Array)
#9 C:\xampp\htdocs\ci4curhatkuy\vendor\codeigniter4\framework\system\CodeIgniter.php(943): App\Controllers\Payment->createPayment()
#10 C:\xampp\htdocs\ci4curhatkuy\vendor\codeigniter4\framework\system\CodeIgniter.php(503): CodeIgniter\CodeIgniter->runController(Object(App\Controllers\Payment))
#11 C:\xampp\htdocs\ci4curhatkuy\vendor\codeigniter4\framework\system\CodeIgniter.php(361): CodeIgniter\CodeIgniter->handleRequest(NULL, Object(Config\Cache), false)
#12 C:\xampp\htdocs\ci4curhatkuy\public\index.php(79): CodeIgniter\CodeIgniter->run()
#13 {main}
CRITICAL - 2024-07-10 09:42:45 --> CodeIgniter\Database\Exceptions\DatabaseException: Unknown column 'imgpayment' in 'field list'
in SYSTEMPATH\Database\BaseConnection.php on line 647.
 1 SYSTEMPATH\Database\BaseBuilder.php(2474): CodeIgniter\Database\BaseConnection->query('UPDATE `payment` SET `order_id` = :order_id:, `nama_lengkap` = :nama_lengkap:, `email` = :email:, `package` = :package:, `amount` = :amount:, `payment_type` = :payment_type:, `transaction_status` = :transaction_status:, `imgpayment` = :imgpayment:
WHERE `payment`.`order_id` IN :payment.order_id:', [...], false)
 2 SYSTEMPATH\Model.php(394): CodeIgniter\Database\BaseBuilder->update()
 3 SYSTEMPATH\BaseModel.php(990): CodeIgniter\Model->doUpdate([...], [...])
 4 SYSTEMPATH\Model.php(812): CodeIgniter\BaseModel->update([...], [...])
 5 SYSTEMPATH\BaseModel.php(714): CodeIgniter\Model->update('668e5795010fc', [...])
 6 APPPATH\Controllers\Payment.php(45): CodeIgniter\BaseModel->save([...])
 7 SYSTEMPATH\CodeIgniter.php(943): App\Controllers\Payment->createPayment()
 8 SYSTEMPATH\CodeIgniter.php(503): CodeIgniter\CodeIgniter->runController(Object(App\Controllers\Payment))
 9 SYSTEMPATH\CodeIgniter.php(361): CodeIgniter\CodeIgniter->handleRequest(null, Object(Config\Cache), false)
10 FCPATH\index.php(79): CodeIgniter\CodeIgniter->run()
CRITICAL - 2024-07-10 09:42:45 --> [Caused by] CodeIgniter\Database\Exceptions\DatabaseException: Unknown column 'imgpayment' in 'field list'
in SYSTEMPATH\Database\MySQLi\Connection.php on line 311.
 1 SYSTEMPATH\Database\BaseConnection.php(693): CodeIgniter\Database\MySQLi\Connection->execute('UPDATE `payment` SET `order_id` = \'668e5795010fc\', `nama_lengkap` = \'Erlangga Dafa Pratama\', `email` = \'erlanggadafa.p@gmail.com\', `package` = \'Paket Plong\', `amount` = 150000, `payment_type` = \'bni\', `transaction_status` = \'pending\', `imgpayment` = NULL
WHERE `payment`.`order_id` IN (\'668e5795010fc\')')
 2 SYSTEMPATH\Database\BaseConnection.php(607): CodeIgniter\Database\BaseConnection->simpleQuery('UPDATE `payment` SET `order_id` = \'668e5795010fc\', `nama_lengkap` = \'Erlangga Dafa Pratama\', `email` = \'erlanggadafa.p@gmail.com\', `package` = \'Paket Plong\', `amount` = 150000, `payment_type` = \'bni\', `transaction_status` = \'pending\', `imgpayment` = NULL
WHERE `payment`.`order_id` IN (\'668e5795010fc\')')
 3 SYSTEMPATH\Database\BaseBuilder.php(2474): CodeIgniter\Database\BaseConnection->query('UPDATE `payment` SET `order_id` = :order_id:, `nama_lengkap` = :nama_lengkap:, `email` = :email:, `package` = :package:, `amount` = :amount:, `payment_type` = :payment_type:, `transaction_status` = :transaction_status:, `imgpayment` = :imgpayment:
WHERE `payment`.`order_id` IN :payment.order_id:', [...], false)
 4 SYSTEMPATH\Model.php(394): CodeIgniter\Database\BaseBuilder->update()
 5 SYSTEMPATH\BaseModel.php(990): CodeIgniter\Model->doUpdate([...], [...])
 6 SYSTEMPATH\Model.php(812): CodeIgniter\BaseModel->update([...], [...])
 7 SYSTEMPATH\BaseModel.php(714): CodeIgniter\Model->update('668e5795010fc', [...])
 8 APPPATH\Controllers\Payment.php(45): CodeIgniter\BaseModel->save([...])
 9 SYSTEMPATH\CodeIgniter.php(943): App\Controllers\Payment->createPayment()
10 SYSTEMPATH\CodeIgniter.php(503): CodeIgniter\CodeIgniter->runController(Object(App\Controllers\Payment))
11 SYSTEMPATH\CodeIgniter.php(361): CodeIgniter\CodeIgniter->handleRequest(null, Object(Config\Cache), false)
12 FCPATH\index.php(79): CodeIgniter\CodeIgniter->run()
CRITICAL - 2024-07-10 09:42:45 --> [Caused by] mysqli_sql_exception: Unknown column 'imgpayment' in 'field list'
in SYSTEMPATH\Database\MySQLi\Connection.php on line 306.
 1 SYSTEMPATH\Database\MySQLi\Connection.php(306): mysqli->query('UPDATE `payment` SET `order_id` = \'668e5795010fc\', `nama_lengkap` = \'Erlangga Dafa Pratama\', `email` = \'erlanggadafa.p@gmail.com\', `package` = \'Paket Plong\', `amount` = 150000, `payment_type` = \'bni\', `transaction_status` = \'pending\', `imgpayment` = NULL
WHERE `payment`.`order_id` IN (\'668e5795010fc\')', 0)
 2 SYSTEMPATH\Database\BaseConnection.php(693): CodeIgniter\Database\MySQLi\Connection->execute('UPDATE `payment` SET `order_id` = \'668e5795010fc\', `nama_lengkap` = \'Erlangga Dafa Pratama\', `email` = \'erlanggadafa.p@gmail.com\', `package` = \'Paket Plong\', `amount` = 150000, `payment_type` = \'bni\', `transaction_status` = \'pending\', `imgpayment` = NULL
WHERE `payment`.`order_id` IN (\'668e5795010fc\')')
 3 SYSTEMPATH\Database\BaseConnection.php(607): CodeIgniter\Database\BaseConnection->simpleQuery('UPDATE `payment` SET `order_id` = \'668e5795010fc\', `nama_lengkap` = \'Erlangga Dafa Pratama\', `email` = \'erlanggadafa.p@gmail.com\', `package` = \'Paket Plong\', `amount` = 150000, `payment_type` = \'bni\', `transaction_status` = \'pending\', `imgpayment` = NULL
WHERE `payment`.`order_id` IN (\'668e5795010fc\')')
 4 SYSTEMPATH\Database\BaseBuilder.php(2474): CodeIgniter\Database\BaseConnection->query('UPDATE `payment` SET `order_id` = :order_id:, `nama_lengkap` = :nama_lengkap:, `email` = :email:, `package` = :package:, `amount` = :amount:, `payment_type` = :payment_type:, `transaction_status` = :transaction_status:, `imgpayment` = :imgpayment:
WHERE `payment`.`order_id` IN :payment.order_id:', [...], false)
 5 SYSTEMPATH\Model.php(394): CodeIgniter\Database\BaseBuilder->update()
 6 SYSTEMPATH\BaseModel.php(990): CodeIgniter\Model->doUpdate([...], [...])
 7 SYSTEMPATH\Model.php(812): CodeIgniter\BaseModel->update([...], [...])
 8 SYSTEMPATH\BaseModel.php(714): CodeIgniter\Model->update('668e5795010fc', [...])
 9 APPPATH\Controllers\Payment.php(45): CodeIgniter\BaseModel->save([...])
10 SYSTEMPATH\CodeIgniter.php(943): App\Controllers\Payment->createPayment()
11 SYSTEMPATH\CodeIgniter.php(503): CodeIgniter\CodeIgniter->runController(Object(App\Controllers\Payment))
12 SYSTEMPATH\CodeIgniter.php(361): CodeIgniter\CodeIgniter->handleRequest(null, Object(Config\Cache), false)
13 FCPATH\index.php(79): CodeIgniter\CodeIgniter->run()
INFO - 2024-07-10 09:43:33 --> Session: Class initialized using 'CodeIgniter\Session\Handlers\FileHandler' driver.
INFO - 2024-07-10 09:43:43 --> Session: Class initialized using 'CodeIgniter\Session\Handlers\FileHandler' driver.
INFO - 2024-07-10 09:43:43 --> Session: Class initialized using 'CodeIgniter\Session\Handlers\FileHandler' driver.
INFO - 2024-07-10 09:47:26 --> Session: Class initialized using 'CodeIgniter\Session\Handlers\FileHandler' driver.
INFO - 2024-07-10 09:47:39 --> Session: Class initialized using 'CodeIgniter\Session\Handlers\FileHandler' driver.
INFO - 2024-07-10 09:47:39 --> Session: Class initialized using 'CodeIgniter\Session\Handlers\FileHandler' driver.
INFO - 2024-07-10 09:48:19 --> Session: Class initialized using 'CodeIgniter\Session\Handlers\FileHandler' driver.
INFO - 2024-07-10 09:48:30 --> Session: Class initialized using 'CodeIgniter\Session\Handlers\FileHandler' driver.
INFO - 2024-07-10 09:48:42 --> Session: Class initialized using 'CodeIgniter\Session\Handlers\FileHandler' driver.
INFO - 2024-07-10 09:48:42 --> Session: Class initialized using 'CodeIgniter\Session\Handlers\FileHandler' driver.
INFO - 2024-07-10 13:05:36 --> Session: Class initialized using 'CodeIgniter\Session\Handlers\FileHandler' driver.
INFO - 2024-07-10 13:05:47 --> Session: Class initialized using 'CodeIgniter\Session\Handlers\FileHandler' driver.
INFO - 2024-07-10 13:05:48 --> Session: Class initialized using 'CodeIgniter\Session\Handlers\FileHandler' driver.
INFO - 2024-07-10 13:05:50 --> Session: Class initialized using 'CodeIgniter\Session\Handlers\FileHandler' driver.
INFO - 2024-07-10 13:06:02 --> Session: Class initialized using 'CodeIgniter\Session\Handlers\FileHandler' driver.
INFO - 2024-07-10 13:06:02 --> Session: Class initialized using 'CodeIgniter\Session\Handlers\FileHandler' driver.
INFO - 2024-07-10 13:06:35 --> Session: Class initialized using 'CodeIgniter\Session\Handlers\FileHandler' driver.
INFO - 2024-07-10 13:06:37 --> Session: Class initialized using 'CodeIgniter\Session\Handlers\FileHandler' driver.
INFO - 2024-07-10 13:06:39 --> Session: Class initialized using 'CodeIgniter\Session\Handlers\FileHandler' driver.
INFO - 2024-07-10 13:06:41 --> Session: Class initialized using 'CodeIgniter\Session\Handlers\FileHandler' driver.
INFO - 2024-07-10 13:06:50 --> Session: Class initialized using 'CodeIgniter\Session\Handlers\FileHandler' driver.
INFO - 2024-07-10 13:07:08 --> Session: Class initialized using 'CodeIgniter\Session\Handlers\FileHandler' driver.
INFO - 2024-07-10 13:07:08 --> Session: Class initialized using 'CodeIgniter\Session\Handlers\FileHandler' driver.
INFO - 2024-07-10 13:08:25 --> Session: Class initialized using 'CodeIgniter\Session\Handlers\FileHandler' driver.
INFO - 2024-07-10 13:08:35 --> Session: Class initialized using 'CodeIgniter\Session\Handlers\FileHandler' driver.
INFO - 2024-07-10 13:08:46 --> Session: Class initialized using 'CodeIgniter\Session\Handlers\FileHandler' driver.
INFO - 2024-07-10 13:12:15 --> Session: Class initialized using 'CodeIgniter\Session\Handlers\FileHandler' driver.
INFO - 2024-07-10 13:12:33 --> Session: Class initialized using 'CodeIgniter\Session\Handlers\FileHandler' driver.
INFO - 2024-07-10 13:12:44 --> Session: Class initialized using 'CodeIgniter\Session\Handlers\FileHandler' driver.
INFO - 2024-07-10 13:15:43 --> Session: Class initialized using 'CodeIgniter\Session\Handlers\FileHandler' driver.
INFO - 2024-07-10 13:15:59 --> Session: Class initialized using 'CodeIgniter\Session\Handlers\FileHandler' driver.
INFO - 2024-07-10 13:17:04 --> Session: Class initialized using 'CodeIgniter\Session\Handlers\FileHandler' driver.
INFO - 2024-07-10 13:17:19 --> Session: Class initialized using 'CodeIgniter\Session\Handlers\FileHandler' driver.
INFO - 2024-07-10 13:17:21 --> Session: Class initialized using 'CodeIgniter\Session\Handlers\FileHandler' driver.
INFO - 2024-07-10 13:17:30 --> Session: Class initialized using 'CodeIgniter\Session\Handlers\FileHandler' driver.
INFO - 2024-07-10 13:17:31 --> Session: Class initialized using 'CodeIgniter\Session\Handlers\FileHandler' driver.
INFO - 2024-07-10 13:17:33 --> Session: Class initialized using 'CodeIgniter\Session\Handlers\FileHandler' driver.
INFO - 2024-07-10 13:17:41 --> Session: Class initialized using 'CodeIgniter\Session\Handlers\FileHandler' driver.
INFO - 2024-07-10 13:19:00 --> Session: Class initialized using 'CodeIgniter\Session\Handlers\FileHandler' driver.
INFO - 2024-07-10 13:19:10 --> Session: Class initialized using 'CodeIgniter\Session\Handlers\FileHandler' driver.
ERROR - 2024-07-10 13:19:10 --> mysqli_sql_exception: Unknown column 'imgpayment' in 'field list' in C:\xampp\htdocs\ci4curhatkuy-updated\vendor\codeigniter4\framework\system\Database\MySQLi\Connection.php:306
Stack trace:
#0 C:\xampp\htdocs\ci4curhatkuy-updated\vendor\codeigniter4\framework\system\Database\MySQLi\Connection.php(306): mysqli->query('INSERT INTO `pa...', 0)
#1 C:\xampp\htdocs\ci4curhatkuy-updated\vendor\codeigniter4\framework\system\Database\BaseConnection.php(693): CodeIgniter\Database\MySQLi\Connection->execute('INSERT INTO `pa...')
#2 C:\xampp\htdocs\ci4curhatkuy-updated\vendor\codeigniter4\framework\system\Database\BaseConnection.php(607): CodeIgniter\Database\BaseConnection->simpleQuery('INSERT INTO `pa...')
#3 C:\xampp\htdocs\ci4curhatkuy-updated\vendor\codeigniter4\framework\system\Database\BaseBuilder.php(2307): CodeIgniter\Database\BaseConnection->query('INSERT INTO `pa...', Array, false)
#4 C:\xampp\htdocs\ci4curhatkuy-updated\vendor\codeigniter4\framework\system\Model.php(327): CodeIgniter\Database\BaseBuilder->insert()
#5 C:\xampp\htdocs\ci4curhatkuy-updated\vendor\codeigniter4\framework\system\BaseModel.php(805): CodeIgniter\Model->doInsert(Array)
#6 C:\xampp\htdocs\ci4curhatkuy-updated\vendor\codeigniter4\framework\system\Model.php(749): CodeIgniter\BaseModel->insert(Array, false)
#7 C:\xampp\htdocs\ci4curhatkuy-updated\vendor\codeigniter4\framework\system\BaseModel.php(716): CodeIgniter\Model->insert(Array, false)
#8 C:\xampp\htdocs\ci4curhatkuy-updated\app\Controllers\Payment.php(48): CodeIgniter\BaseModel->save(Array)
#9 C:\xampp\htdocs\ci4curhatkuy-updated\vendor\codeigniter4\framework\system\CodeIgniter.php(943): App\Controllers\Payment->createPayment()
#10 C:\xampp\htdocs\ci4curhatkuy-updated\vendor\codeigniter4\framework\system\CodeIgniter.php(503): CodeIgniter\CodeIgniter->runController(Object(App\Controllers\Payment))
#11 C:\xampp\htdocs\ci4curhatkuy-updated\vendor\codeigniter4\framework\system\CodeIgniter.php(361): CodeIgniter\CodeIgniter->handleRequest(NULL, Object(Config\Cache), false)
#12 C:\xampp\htdocs\ci4curhatkuy-updated\public\index.php(79): CodeIgniter\CodeIgniter->run()
#13 {main}
CRITICAL - 2024-07-10 13:19:10 --> CodeIgniter\Database\Exceptions\DatabaseException: Unknown column 'imgpayment' in 'field list'
in SYSTEMPATH\Database\BaseConnection.php on line 647.
 1 SYSTEMPATH\Database\BaseBuilder.php(2307): CodeIgniter\Database\BaseConnection->query('INSERT INTO `payment` (`order_id`, `nama_lengkap`, `email`, `package`, `amount`, `payment_type`, `transaction_status`, `imgpayment`) VALUES (:order_id:, :nama_lengkap:, :email:, :package:, :amount:, :payment_type:, :transaction_status:, :imgpayment:)', [...], false)
 2 SYSTEMPATH\Model.php(327): CodeIgniter\Database\BaseBuilder->insert()
 3 SYSTEMPATH\BaseModel.php(805): CodeIgniter\Model->doInsert([...])
 4 SYSTEMPATH\Model.php(749): CodeIgniter\BaseModel->insert([...], false)
 5 SYSTEMPATH\BaseModel.php(716): CodeIgniter\Model->insert([...], false)
 6 APPPATH\Controllers\Payment.php(48): CodeIgniter\BaseModel->save([...])
 7 SYSTEMPATH\CodeIgniter.php(943): App\Controllers\Payment->createPayment()
 8 SYSTEMPATH\CodeIgniter.php(503): CodeIgniter\CodeIgniter->runController(Object(App\Controllers\Payment))
 9 SYSTEMPATH\CodeIgniter.php(361): CodeIgniter\CodeIgniter->handleRequest(null, Object(Config\Cache), false)
10 FCPATH\index.php(79): CodeIgniter\CodeIgniter->run()
CRITICAL - 2024-07-10 13:19:10 --> [Caused by] CodeIgniter\Database\Exceptions\DatabaseException: Unknown column 'imgpayment' in 'field list'
in SYSTEMPATH\Database\MySQLi\Connection.php on line 311.
 1 SYSTEMPATH\Database\BaseConnection.php(693): CodeIgniter\Database\MySQLi\Connection->execute('INSERT INTO `payment` (`order_id`, `nama_lengkap`, `email`, `package`, `amount`, `payment_type`, `transaction_status`, `imgpayment`) VALUES (\'668e8a4eaaaec\', \'Erlangga Dafa Pratama\', \'erlanggadafa.p@gmail.com\', \'Paket Plong\', 150000, \'bni\', \'pending\', NULL)')
 2 SYSTEMPATH\Database\BaseConnection.php(607): CodeIgniter\Database\BaseConnection->simpleQuery('INSERT INTO `payment` (`order_id`, `nama_lengkap`, `email`, `package`, `amount`, `payment_type`, `transaction_status`, `imgpayment`) VALUES (\'668e8a4eaaaec\', \'Erlangga Dafa Pratama\', \'erlanggadafa.p@gmail.com\', \'Paket Plong\', 150000, \'bni\', \'pending\', NULL)')
 3 SYSTEMPATH\Database\BaseBuilder.php(2307): CodeIgniter\Database\BaseConnection->query('INSERT INTO `payment` (`order_id`, `nama_lengkap`, `email`, `package`, `amount`, `payment_type`, `transaction_status`, `imgpayment`) VALUES (:order_id:, :nama_lengkap:, :email:, :package:, :amount:, :payment_type:, :transaction_status:, :imgpayment:)', [...], false)
 4 SYSTEMPATH\Model.php(327): CodeIgniter\Database\BaseBuilder->insert()
 5 SYSTEMPATH\BaseModel.php(805): CodeIgniter\Model->doInsert([...])
 6 SYSTEMPATH\Model.php(749): CodeIgniter\BaseModel->insert([...], false)
 7 SYSTEMPATH\BaseModel.php(716): CodeIgniter\Model->insert([...], false)
 8 APPPATH\Controllers\Payment.php(48): CodeIgniter\BaseModel->save([...])
 9 SYSTEMPATH\CodeIgniter.php(943): App\Controllers\Payment->createPayment()
10 SYSTEMPATH\CodeIgniter.php(503): CodeIgniter\CodeIgniter->runController(Object(App\Controllers\Payment))
11 SYSTEMPATH\CodeIgniter.php(361): CodeIgniter\CodeIgniter->handleRequest(null, Object(Config\Cache), false)
12 FCPATH\index.php(79): CodeIgniter\CodeIgniter->run()
CRITICAL - 2024-07-10 13:19:10 --> [Caused by] mysqli_sql_exception: Unknown column 'imgpayment' in 'field list'
in SYSTEMPATH\Database\MySQLi\Connection.php on line 306.
 1 SYSTEMPATH\Database\MySQLi\Connection.php(306): mysqli->query('INSERT INTO `payment` (`order_id`, `nama_lengkap`, `email`, `package`, `amount`, `payment_type`, `transaction_status`, `imgpayment`) VALUES (\'668e8a4eaaaec\', \'Erlangga Dafa Pratama\', \'erlanggadafa.p@gmail.com\', \'Paket Plong\', 150000, \'bni\', \'pending\', NULL)', 0)
 2 SYSTEMPATH\Database\BaseConnection.php(693): CodeIgniter\Database\MySQLi\Connection->execute('INSERT INTO `payment` (`order_id`, `nama_lengkap`, `email`, `package`, `amount`, `payment_type`, `transaction_status`, `imgpayment`) VALUES (\'668e8a4eaaaec\', \'Erlangga Dafa Pratama\', \'erlanggadafa.p@gmail.com\', \'Paket Plong\', 150000, \'bni\', \'pending\', NULL)')
 3 SYSTEMPATH\Database\BaseConnection.php(607): CodeIgniter\Database\BaseConnection->simpleQuery('INSERT INTO `payment` (`order_id`, `nama_lengkap`, `email`, `package`, `amount`, `payment_type`, `transaction_status`, `imgpayment`) VALUES (\'668e8a4eaaaec\', \'Erlangga Dafa Pratama\', \'erlanggadafa.p@gmail.com\', \'Paket Plong\', 150000, \'bni\', \'pending\', NULL)')
 4 SYSTEMPATH\Database\BaseBuilder.php(2307): CodeIgniter\Database\BaseConnection->query('INSERT INTO `payment` (`order_id`, `nama_lengkap`, `email`, `package`, `amount`, `payment_type`, `transaction_status`, `imgpayment`) VALUES (:order_id:, :nama_lengkap:, :email:, :package:, :amount:, :payment_type:, :transaction_status:, :imgpayment:)', [...], false)
 5 SYSTEMPATH\Model.php(327): CodeIgniter\Database\BaseBuilder->insert()
 6 SYSTEMPATH\BaseModel.php(805): CodeIgniter\Model->doInsert([...])
 7 SYSTEMPATH\Model.php(749): CodeIgniter\BaseModel->insert([...], false)
 8 SYSTEMPATH\BaseModel.php(716): CodeIgniter\Model->insert([...], false)
 9 APPPATH\Controllers\Payment.php(48): CodeIgniter\BaseModel->save([...])
10 SYSTEMPATH\CodeIgniter.php(943): App\Controllers\Payment->createPayment()
11 SYSTEMPATH\CodeIgniter.php(503): CodeIgniter\CodeIgniter->runController(Object(App\Controllers\Payment))
12 SYSTEMPATH\CodeIgniter.php(361): CodeIgniter\CodeIgniter->handleRequest(null, Object(Config\Cache), false)
13 FCPATH\index.php(79): CodeIgniter\CodeIgniter->run()
INFO - 2024-07-10 13:21:04 --> Session: Class initialized using 'CodeIgniter\Session\Handlers\FileHandler' driver.
INFO - 2024-07-10 13:21:14 --> Session: Class initialized using 'CodeIgniter\Session\Handlers\FileHandler' driver.
ERROR - 2024-07-10 13:21:14 --> mysqli_sql_exception: Column 'imgpayment' cannot be null in C:\xampp\htdocs\ci4curhatkuy-updated\vendor\codeigniter4\framework\system\Database\MySQLi\Connection.php:306
Stack trace:
#0 C:\xampp\htdocs\ci4curhatkuy-updated\vendor\codeigniter4\framework\system\Database\MySQLi\Connection.php(306): mysqli->query('INSERT INTO `pa...', 0)
#1 C:\xampp\htdocs\ci4curhatkuy-updated\vendor\codeigniter4\framework\system\Database\BaseConnection.php(693): CodeIgniter\Database\MySQLi\Connection->execute('INSERT INTO `pa...')
#2 C:\xampp\htdocs\ci4curhatkuy-updated\vendor\codeigniter4\framework\system\Database\BaseConnection.php(607): CodeIgniter\Database\BaseConnection->simpleQuery('INSERT INTO `pa...')
#3 C:\xampp\htdocs\ci4curhatkuy-updated\vendor\codeigniter4\framework\system\Database\BaseBuilder.php(2307): CodeIgniter\Database\BaseConnection->query('INSERT INTO `pa...', Array, false)
#4 C:\xampp\htdocs\ci4curhatkuy-updated\vendor\codeigniter4\framework\system\Model.php(327): CodeIgniter\Database\BaseBuilder->insert()
#5 C:\xampp\htdocs\ci4curhatkuy-updated\vendor\codeigniter4\framework\system\BaseModel.php(805): CodeIgniter\Model->doInsert(Array)
#6 C:\xampp\htdocs\ci4curhatkuy-updated\vendor\codeigniter4\framework\system\Model.php(749): CodeIgniter\BaseModel->insert(Array, false)
#7 C:\xampp\htdocs\ci4curhatkuy-updated\vendor\codeigniter4\framework\system\BaseModel.php(716): CodeIgniter\Model->insert(Array, false)
#8 C:\xampp\htdocs\ci4curhatkuy-updated\app\Controllers\Payment.php(48): CodeIgniter\BaseModel->save(Array)
#9 C:\xampp\htdocs\ci4curhatkuy-updated\vendor\codeigniter4\framework\system\CodeIgniter.php(943): App\Controllers\Payment->createPayment()
#10 C:\xampp\htdocs\ci4curhatkuy-updated\vendor\codeigniter4\framework\system\CodeIgniter.php(503): CodeIgniter\CodeIgniter->runController(Object(App\Controllers\Payment))
#11 C:\xampp\htdocs\ci4curhatkuy-updated\vendor\codeigniter4\framework\system\CodeIgniter.php(361): CodeIgniter\CodeIgniter->handleRequest(NULL, Object(Config\Cache), false)
#12 C:\xampp\htdocs\ci4curhatkuy-updated\public\index.php(79): CodeIgniter\CodeIgniter->run()
#13 {main}
CRITICAL - 2024-07-10 13:21:14 --> CodeIgniter\Database\Exceptions\DatabaseException: Column 'imgpayment' cannot be null
in SYSTEMPATH\Database\BaseConnection.php on line 647.
 1 SYSTEMPATH\Database\BaseBuilder.php(2307): CodeIgniter\Database\BaseConnection->query('INSERT INTO `payment` (`order_id`, `nama_lengkap`, `email`, `package`, `amount`, `payment_type`, `transaction_status`, `imgpayment`) VALUES (:order_id:, :nama_lengkap:, :email:, :package:, :amount:, :payment_type:, :transaction_status:, :imgpayment:)', [...], false)
 2 SYSTEMPATH\Model.php(327): CodeIgniter\Database\BaseBuilder->insert()
 3 SYSTEMPATH\BaseModel.php(805): CodeIgniter\Model->doInsert([...])
 4 SYSTEMPATH\Model.php(749): CodeIgniter\BaseModel->insert([...], false)
 5 SYSTEMPATH\BaseModel.php(716): CodeIgniter\Model->insert([...], false)
 6 APPPATH\Controllers\Payment.php(48): CodeIgniter\BaseModel->save([...])
 7 SYSTEMPATH\CodeIgniter.php(943): App\Controllers\Payment->createPayment()
 8 SYSTEMPATH\CodeIgniter.php(503): CodeIgniter\CodeIgniter->runController(Object(App\Controllers\Payment))
 9 SYSTEMPATH\CodeIgniter.php(361): CodeIgniter\CodeIgniter->handleRequest(null, Object(Config\Cache), false)
10 FCPATH\index.php(79): CodeIgniter\CodeIgniter->run()
CRITICAL - 2024-07-10 13:21:14 --> [Caused by] CodeIgniter\Database\Exceptions\DatabaseException: Column 'imgpayment' cannot be null
in SYSTEMPATH\Database\MySQLi\Connection.php on line 311.
 1 SYSTEMPATH\Database\BaseConnection.php(693): CodeIgniter\Database\MySQLi\Connection->execute('INSERT INTO `payment` (`order_id`, `nama_lengkap`, `email`, `package`, `amount`, `payment_type`, `transaction_status`, `imgpayment`) VALUES (\'668e8acac000e\', \'Erlangga Dafa Pratama\', \'erlanggadafa.p@gmail.com\', \'Paket Plong\', 150000, \'bni\', \'pending\', NULL)')
 2 SYSTEMPATH\Database\BaseConnection.php(607): CodeIgniter\Database\BaseConnection->simpleQuery('INSERT INTO `payment` (`order_id`, `nama_lengkap`, `email`, `package`, `amount`, `payment_type`, `transaction_status`, `imgpayment`) VALUES (\'668e8acac000e\', \'Erlangga Dafa Pratama\', \'erlanggadafa.p@gmail.com\', \'Paket Plong\', 150000, \'bni\', \'pending\', NULL)')
 3 SYSTEMPATH\Database\BaseBuilder.php(2307): CodeIgniter\Database\BaseConnection->query('INSERT INTO `payment` (`order_id`, `nama_lengkap`, `email`, `package`, `amount`, `payment_type`, `transaction_status`, `imgpayment`) VALUES (:order_id:, :nama_lengkap:, :email:, :package:, :amount:, :payment_type:, :transaction_status:, :imgpayment:)', [...], false)
 4 SYSTEMPATH\Model.php(327): CodeIgniter\Database\BaseBuilder->insert()
 5 SYSTEMPATH\BaseModel.php(805): CodeIgniter\Model->doInsert([...])
 6 SYSTEMPATH\Model.php(749): CodeIgniter\BaseModel->insert([...], false)
 7 SYSTEMPATH\BaseModel.php(716): CodeIgniter\Model->insert([...], false)
 8 APPPATH\Controllers\Payment.php(48): CodeIgniter\BaseModel->save([...])
 9 SYSTEMPATH\CodeIgniter.php(943): App\Controllers\Payment->createPayment()
10 SYSTEMPATH\CodeIgniter.php(503): CodeIgniter\CodeIgniter->runController(Object(App\Controllers\Payment))
11 SYSTEMPATH\CodeIgniter.php(361): CodeIgniter\CodeIgniter->handleRequest(null, Object(Config\Cache), false)
12 FCPATH\index.php(79): CodeIgniter\CodeIgniter->run()
CRITICAL - 2024-07-10 13:21:14 --> [Caused by] mysqli_sql_exception: Column 'imgpayment' cannot be null
in SYSTEMPATH\Database\MySQLi\Connection.php on line 306.
 1 SYSTEMPATH\Database\MySQLi\Connection.php(306): mysqli->query('INSERT INTO `payment` (`order_id`, `nama_lengkap`, `email`, `package`, `amount`, `payment_type`, `transaction_status`, `imgpayment`) VALUES (\'668e8acac000e\', \'Erlangga Dafa Pratama\', \'erlanggadafa.p@gmail.com\', \'Paket Plong\', 150000, \'bni\', \'pending\', NULL)', 0)
 2 SYSTEMPATH\Database\BaseConnection.php(693): CodeIgniter\Database\MySQLi\Connection->execute('INSERT INTO `payment` (`order_id`, `nama_lengkap`, `email`, `package`, `amount`, `payment_type`, `transaction_status`, `imgpayment`) VALUES (\'668e8acac000e\', \'Erlangga Dafa Pratama\', \'erlanggadafa.p@gmail.com\', \'Paket Plong\', 150000, \'bni\', \'pending\', NULL)')
 3 SYSTEMPATH\Database\BaseConnection.php(607): CodeIgniter\Database\BaseConnection->simpleQuery('INSERT INTO `payment` (`order_id`, `nama_lengkap`, `email`, `package`, `amount`, `payment_type`, `transaction_status`, `imgpayment`) VALUES (\'668e8acac000e\', \'Erlangga Dafa Pratama\', \'erlanggadafa.p@gmail.com\', \'Paket Plong\', 150000, \'bni\', \'pending\', NULL)')
 4 SYSTEMPATH\Database\BaseBuilder.php(2307): CodeIgniter\Database\BaseConnection->query('INSERT INTO `payment` (`order_id`, `nama_lengkap`, `email`, `package`, `amount`, `payment_type`, `transaction_status`, `imgpayment`) VALUES (:order_id:, :nama_lengkap:, :email:, :package:, :amount:, :payment_type:, :transaction_status:, :imgpayment:)', [...], false)
 5 SYSTEMPATH\Model.php(327): CodeIgniter\Database\BaseBuilder->insert()
 6 SYSTEMPATH\BaseModel.php(805): CodeIgniter\Model->doInsert([...])
 7 SYSTEMPATH\Model.php(749): CodeIgniter\BaseModel->insert([...], false)
 8 SYSTEMPATH\BaseModel.php(716): CodeIgniter\Model->insert([...], false)
 9 APPPATH\Controllers\Payment.php(48): CodeIgniter\BaseModel->save([...])
10 SYSTEMPATH\CodeIgniter.php(943): App\Controllers\Payment->createPayment()
11 SYSTEMPATH\CodeIgniter.php(503): CodeIgniter\CodeIgniter->runController(Object(App\Controllers\Payment))
12 SYSTEMPATH\CodeIgniter.php(361): CodeIgniter\CodeIgniter->handleRequest(null, Object(Config\Cache), false)
13 FCPATH\index.php(79): CodeIgniter\CodeIgniter->run()
INFO - 2024-07-10 13:22:02 --> Session: Class initialized using 'CodeIgniter\Session\Handlers\FileHandler' driver.
ERROR - 2024-07-10 13:22:02 --> mysqli_sql_exception: Column 'imgpayment' cannot be null in C:\xampp\htdocs\ci4curhatkuy-updated\vendor\codeigniter4\framework\system\Database\MySQLi\Connection.php:306
Stack trace:
#0 C:\xampp\htdocs\ci4curhatkuy-updated\vendor\codeigniter4\framework\system\Database\MySQLi\Connection.php(306): mysqli->query('INSERT INTO `pa...', 0)
#1 C:\xampp\htdocs\ci4curhatkuy-updated\vendor\codeigniter4\framework\system\Database\BaseConnection.php(693): CodeIgniter\Database\MySQLi\Connection->execute('INSERT INTO `pa...')
#2 C:\xampp\htdocs\ci4curhatkuy-updated\vendor\codeigniter4\framework\system\Database\BaseConnection.php(607): CodeIgniter\Database\BaseConnection->simpleQuery('INSERT INTO `pa...')
#3 C:\xampp\htdocs\ci4curhatkuy-updated\vendor\codeigniter4\framework\system\Database\BaseBuilder.php(2307): CodeIgniter\Database\BaseConnection->query('INSERT INTO `pa...', Array, false)
#4 C:\xampp\htdocs\ci4curhatkuy-updated\vendor\codeigniter4\framework\system\Model.php(327): CodeIgniter\Database\BaseBuilder->insert()
#5 C:\xampp\htdocs\ci4curhatkuy-updated\vendor\codeigniter4\framework\system\BaseModel.php(805): CodeIgniter\Model->doInsert(Array)
#6 C:\xampp\htdocs\ci4curhatkuy-updated\vendor\codeigniter4\framework\system\Model.php(749): CodeIgniter\BaseModel->insert(Array, false)
#7 C:\xampp\htdocs\ci4curhatkuy-updated\vendor\codeigniter4\framework\system\BaseModel.php(716): CodeIgniter\Model->insert(Array, false)
#8 C:\xampp\htdocs\ci4curhatkuy-updated\app\Controllers\Payment.php(48): CodeIgniter\BaseModel->save(Array)
#9 C:\xampp\htdocs\ci4curhatkuy-updated\vendor\codeigniter4\framework\system\CodeIgniter.php(943): App\Controllers\Payment->createPayment()
#10 C:\xampp\htdocs\ci4curhatkuy-updated\vendor\codeigniter4\framework\system\CodeIgniter.php(503): CodeIgniter\CodeIgniter->runController(Object(App\Controllers\Payment))
#11 C:\xampp\htdocs\ci4curhatkuy-updated\vendor\codeigniter4\framework\system\CodeIgniter.php(361): CodeIgniter\CodeIgniter->handleRequest(NULL, Object(Config\Cache), false)
#12 C:\xampp\htdocs\ci4curhatkuy-updated\public\index.php(79): CodeIgniter\CodeIgniter->run()
#13 {main}
CRITICAL - 2024-07-10 13:22:02 --> CodeIgniter\Database\Exceptions\DatabaseException: Column 'imgpayment' cannot be null
in SYSTEMPATH\Database\BaseConnection.php on line 647.
 1 SYSTEMPATH\Database\BaseBuilder.php(2307): CodeIgniter\Database\BaseConnection->query('INSERT INTO `payment` (`order_id`, `nama_lengkap`, `email`, `package`, `amount`, `payment_type`, `transaction_status`, `imgpayment`) VALUES (:order_id:, :nama_lengkap:, :email:, :package:, :amount:, :payment_type:, :transaction_status:, :imgpayment:)', [...], false)
 2 SYSTEMPATH\Model.php(327): CodeIgniter\Database\BaseBuilder->insert()
 3 SYSTEMPATH\BaseModel.php(805): CodeIgniter\Model->doInsert([...])
 4 SYSTEMPATH\Model.php(749): CodeIgniter\BaseModel->insert([...], false)
 5 SYSTEMPATH\BaseModel.php(716): CodeIgniter\Model->insert([...], false)
 6 APPPATH\Controllers\Payment.php(48): CodeIgniter\BaseModel->save([...])
 7 SYSTEMPATH\CodeIgniter.php(943): App\Controllers\Payment->createPayment()
 8 SYSTEMPATH\CodeIgniter.php(503): CodeIgniter\CodeIgniter->runController(Object(App\Controllers\Payment))
 9 SYSTEMPATH\CodeIgniter.php(361): CodeIgniter\CodeIgniter->handleRequest(null, Object(Config\Cache), false)
10 FCPATH\index.php(79): CodeIgniter\CodeIgniter->run()
CRITICAL - 2024-07-10 13:22:02 --> [Caused by] CodeIgniter\Database\Exceptions\DatabaseException: Column 'imgpayment' cannot be null
in SYSTEMPATH\Database\MySQLi\Connection.php on line 311.
 1 SYSTEMPATH\Database\BaseConnection.php(693): CodeIgniter\Database\MySQLi\Connection->execute('INSERT INTO `payment` (`order_id`, `nama_lengkap`, `email`, `package`, `amount`, `payment_type`, `transaction_status`, `imgpayment`) VALUES (\'668e8afa16d6a\', \'Erlangga Dafa Pratama\', \'erlanggadafa.p@gmail.com\', \'Paket Plong\', 150000, \'bni\', \'pending\', NULL)')
 2 SYSTEMPATH\Database\BaseConnection.php(607): CodeIgniter\Database\BaseConnection->simpleQuery('INSERT INTO `payment` (`order_id`, `nama_lengkap`, `email`, `package`, `amount`, `payment_type`, `transaction_status`, `imgpayment`) VALUES (\'668e8afa16d6a\', \'Erlangga Dafa Pratama\', \'erlanggadafa.p@gmail.com\', \'Paket Plong\', 150000, \'bni\', \'pending\', NULL)')
 3 SYSTEMPATH\Database\BaseBuilder.php(2307): CodeIgniter\Database\BaseConnection->query('INSERT INTO `payment` (`order_id`, `nama_lengkap`, `email`, `package`, `amount`, `payment_type`, `transaction_status`, `imgpayment`) VALUES (:order_id:, :nama_lengkap:, :email:, :package:, :amount:, :payment_type:, :transaction_status:, :imgpayment:)', [...], false)
 4 SYSTEMPATH\Model.php(327): CodeIgniter\Database\BaseBuilder->insert()
 5 SYSTEMPATH\BaseModel.php(805): CodeIgniter\Model->doInsert([...])
 6 SYSTEMPATH\Model.php(749): CodeIgniter\BaseModel->insert([...], false)
 7 SYSTEMPATH\BaseModel.php(716): CodeIgniter\Model->insert([...], false)
 8 APPPATH\Controllers\Payment.php(48): CodeIgniter\BaseModel->save([...])
 9 SYSTEMPATH\CodeIgniter.php(943): App\Controllers\Payment->createPayment()
10 SYSTEMPATH\CodeIgniter.php(503): CodeIgniter\CodeIgniter->runController(Object(App\Controllers\Payment))
11 SYSTEMPATH\CodeIgniter.php(361): CodeIgniter\CodeIgniter->handleRequest(null, Object(Config\Cache), false)
12 FCPATH\index.php(79): CodeIgniter\CodeIgniter->run()
CRITICAL - 2024-07-10 13:22:02 --> [Caused by] mysqli_sql_exception: Column 'imgpayment' cannot be null
in SYSTEMPATH\Database\MySQLi\Connection.php on line 306.
 1 SYSTEMPATH\Database\MySQLi\Connection.php(306): mysqli->query('INSERT INTO `payment` (`order_id`, `nama_lengkap`, `email`, `package`, `amount`, `payment_type`, `transaction_status`, `imgpayment`) VALUES (\'668e8afa16d6a\', \'Erlangga Dafa Pratama\', \'erlanggadafa.p@gmail.com\', \'Paket Plong\', 150000, \'bni\', \'pending\', NULL)', 0)
 2 SYSTEMPATH\Database\BaseConnection.php(693): CodeIgniter\Database\MySQLi\Connection->execute('INSERT INTO `payment` (`order_id`, `nama_lengkap`, `email`, `package`, `amount`, `payment_type`, `transaction_status`, `imgpayment`) VALUES (\'668e8afa16d6a\', \'Erlangga Dafa Pratama\', \'erlanggadafa.p@gmail.com\', \'Paket Plong\', 150000, \'bni\', \'pending\', NULL)')
 3 SYSTEMPATH\Database\BaseConnection.php(607): CodeIgniter\Database\BaseConnection->simpleQuery('INSERT INTO `payment` (`order_id`, `nama_lengkap`, `email`, `package`, `amount`, `payment_type`, `transaction_status`, `imgpayment`) VALUES (\'668e8afa16d6a\', \'Erlangga Dafa Pratama\', \'erlanggadafa.p@gmail.com\', \'Paket Plong\', 150000, \'bni\', \'pending\', NULL)')
 4 SYSTEMPATH\Database\BaseBuilder.php(2307): CodeIgniter\Database\BaseConnection->query('INSERT INTO `payment` (`order_id`, `nama_lengkap`, `email`, `package`, `amount`, `payment_type`, `transaction_status`, `imgpayment`) VALUES (:order_id:, :nama_lengkap:, :email:, :package:, :amount:, :payment_type:, :transaction_status:, :imgpayment:)', [...], false)
 5 SYSTEMPATH\Model.php(327): CodeIgniter\Database\BaseBuilder->insert()
 6 SYSTEMPATH\BaseModel.php(805): CodeIgniter\Model->doInsert([...])
 7 SYSTEMPATH\Model.php(749): CodeIgniter\BaseModel->insert([...], false)
 8 SYSTEMPATH\BaseModel.php(716): CodeIgniter\Model->insert([...], false)
 9 APPPATH\Controllers\Payment.php(48): CodeIgniter\BaseModel->save([...])
10 SYSTEMPATH\CodeIgniter.php(943): App\Controllers\Payment->createPayment()
11 SYSTEMPATH\CodeIgniter.php(503): CodeIgniter\CodeIgniter->runController(Object(App\Controllers\Payment))
12 SYSTEMPATH\CodeIgniter.php(361): CodeIgniter\CodeIgniter->handleRequest(null, Object(Config\Cache), false)
13 FCPATH\index.php(79): CodeIgniter\CodeIgniter->run()
INFO - 2024-07-10 13:23:07 --> Session: Class initialized using 'CodeIgniter\Session\Handlers\FileHandler' driver.
ERROR - 2024-07-10 13:23:07 --> mysqli_sql_exception: Column 'imgpayment' cannot be null in C:\xampp\htdocs\ci4curhatkuy-updated\vendor\codeigniter4\framework\system\Database\MySQLi\Connection.php:306
Stack trace:
#0 C:\xampp\htdocs\ci4curhatkuy-updated\vendor\codeigniter4\framework\system\Database\MySQLi\Connection.php(306): mysqli->query('INSERT INTO `pa...', 0)
#1 C:\xampp\htdocs\ci4curhatkuy-updated\vendor\codeigniter4\framework\system\Database\BaseConnection.php(693): CodeIgniter\Database\MySQLi\Connection->execute('INSERT INTO `pa...')
#2 C:\xampp\htdocs\ci4curhatkuy-updated\vendor\codeigniter4\framework\system\Database\BaseConnection.php(607): CodeIgniter\Database\BaseConnection->simpleQuery('INSERT INTO `pa...')
#3 C:\xampp\htdocs\ci4curhatkuy-updated\vendor\codeigniter4\framework\system\Database\BaseBuilder.php(2307): CodeIgniter\Database\BaseConnection->query('INSERT INTO `pa...', Array, false)
#4 C:\xampp\htdocs\ci4curhatkuy-updated\vendor\codeigniter4\framework\system\Model.php(327): CodeIgniter\Database\BaseBuilder->insert()
#5 C:\xampp\htdocs\ci4curhatkuy-updated\vendor\codeigniter4\framework\system\BaseModel.php(805): CodeIgniter\Model->doInsert(Array)
#6 C:\xampp\htdocs\ci4curhatkuy-updated\vendor\codeigniter4\framework\system\Model.php(749): CodeIgniter\BaseModel->insert(Array, false)
#7 C:\xampp\htdocs\ci4curhatkuy-updated\vendor\codeigniter4\framework\system\BaseModel.php(716): CodeIgniter\Model->insert(Array, false)
#8 C:\xampp\htdocs\ci4curhatkuy-updated\app\Controllers\Payment.php(48): CodeIgniter\BaseModel->save(Array)
#9 C:\xampp\htdocs\ci4curhatkuy-updated\vendor\codeigniter4\framework\system\CodeIgniter.php(943): App\Controllers\Payment->createPayment()
#10 C:\xampp\htdocs\ci4curhatkuy-updated\vendor\codeigniter4\framework\system\CodeIgniter.php(503): CodeIgniter\CodeIgniter->runController(Object(App\Controllers\Payment))
#11 C:\xampp\htdocs\ci4curhatkuy-updated\vendor\codeigniter4\framework\system\CodeIgniter.php(361): CodeIgniter\CodeIgniter->handleRequest(NULL, Object(Config\Cache), false)
#12 C:\xampp\htdocs\ci4curhatkuy-updated\public\index.php(79): CodeIgniter\CodeIgniter->run()
#13 {main}
CRITICAL - 2024-07-10 13:23:07 --> CodeIgniter\Database\Exceptions\DatabaseException: Column 'imgpayment' cannot be null
in SYSTEMPATH\Database\BaseConnection.php on line 647.
 1 SYSTEMPATH\Database\BaseBuilder.php(2307): CodeIgniter\Database\BaseConnection->query('INSERT INTO `payment` (`order_id`, `nama_lengkap`, `email`, `package`, `amount`, `payment_type`, `transaction_status`, `imgpayment`) VALUES (:order_id:, :nama_lengkap:, :email:, :package:, :amount:, :payment_type:, :transaction_status:, :imgpayment:)', [...], false)
 2 SYSTEMPATH\Model.php(327): CodeIgniter\Database\BaseBuilder->insert()
 3 SYSTEMPATH\BaseModel.php(805): CodeIgniter\Model->doInsert([...])
 4 SYSTEMPATH\Model.php(749): CodeIgniter\BaseModel->insert([...], false)
 5 SYSTEMPATH\BaseModel.php(716): CodeIgniter\Model->insert([...], false)
 6 APPPATH\Controllers\Payment.php(48): CodeIgniter\BaseModel->save([...])
 7 SYSTEMPATH\CodeIgniter.php(943): App\Controllers\Payment->createPayment()
 8 SYSTEMPATH\CodeIgniter.php(503): CodeIgniter\CodeIgniter->runController(Object(App\Controllers\Payment))
 9 SYSTEMPATH\CodeIgniter.php(361): CodeIgniter\CodeIgniter->handleRequest(null, Object(Config\Cache), false)
10 FCPATH\index.php(79): CodeIgniter\CodeIgniter->run()
CRITICAL - 2024-07-10 13:23:07 --> [Caused by] CodeIgniter\Database\Exceptions\DatabaseException: Column 'imgpayment' cannot be null
in SYSTEMPATH\Database\MySQLi\Connection.php on line 311.
 1 SYSTEMPATH\Database\BaseConnection.php(693): CodeIgniter\Database\MySQLi\Connection->execute('INSERT INTO `payment` (`order_id`, `nama_lengkap`, `email`, `package`, `amount`, `payment_type`, `transaction_status`, `imgpayment`) VALUES (\'668e8b3b27365\', \'Erlangga Dafa Pratama\', \'erlanggadafa.p@gmail.com\', \'Paket Plong\', 150000, \'bni\', \'pending\', NULL)')
 2 SYSTEMPATH\Database\BaseConnection.php(607): CodeIgniter\Database\BaseConnection->simpleQuery('INSERT INTO `payment` (`order_id`, `nama_lengkap`, `email`, `package`, `amount`, `payment_type`, `transaction_status`, `imgpayment`) VALUES (\'668e8b3b27365\', \'Erlangga Dafa Pratama\', \'erlanggadafa.p@gmail.com\', \'Paket Plong\', 150000, \'bni\', \'pending\', NULL)')
 3 SYSTEMPATH\Database\BaseBuilder.php(2307): CodeIgniter\Database\BaseConnection->query('INSERT INTO `payment` (`order_id`, `nama_lengkap`, `email`, `package`, `amount`, `payment_type`, `transaction_status`, `imgpayment`) VALUES (:order_id:, :nama_lengkap:, :email:, :package:, :amount:, :payment_type:, :transaction_status:, :imgpayment:)', [...], false)
 4 SYSTEMPATH\Model.php(327): CodeIgniter\Database\BaseBuilder->insert()
 5 SYSTEMPATH\BaseModel.php(805): CodeIgniter\Model->doInsert([...])
 6 SYSTEMPATH\Model.php(749): CodeIgniter\BaseModel->insert([...], false)
 7 SYSTEMPATH\BaseModel.php(716): CodeIgniter\Model->insert([...], false)
 8 APPPATH\Controllers\Payment.php(48): CodeIgniter\BaseModel->save([...])
 9 SYSTEMPATH\CodeIgniter.php(943): App\Controllers\Payment->createPayment()
10 SYSTEMPATH\CodeIgniter.php(503): CodeIgniter\CodeIgniter->runController(Object(App\Controllers\Payment))
11 SYSTEMPATH\CodeIgniter.php(361): CodeIgniter\CodeIgniter->handleRequest(null, Object(Config\Cache), false)
12 FCPATH\index.php(79): CodeIgniter\CodeIgniter->run()
CRITICAL - 2024-07-10 13:23:07 --> [Caused by] mysqli_sql_exception: Column 'imgpayment' cannot be null
in SYSTEMPATH\Database\MySQLi\Connection.php on line 306.
 1 SYSTEMPATH\Database\MySQLi\Connection.php(306): mysqli->query('INSERT INTO `payment` (`order_id`, `nama_lengkap`, `email`, `package`, `amount`, `payment_type`, `transaction_status`, `imgpayment`) VALUES (\'668e8b3b27365\', \'Erlangga Dafa Pratama\', \'erlanggadafa.p@gmail.com\', \'Paket Plong\', 150000, \'bni\', \'pending\', NULL)', 0)
 2 SYSTEMPATH\Database\BaseConnection.php(693): CodeIgniter\Database\MySQLi\Connection->execute('INSERT INTO `payment` (`order_id`, `nama_lengkap`, `email`, `package`, `amount`, `payment_type`, `transaction_status`, `imgpayment`) VALUES (\'668e8b3b27365\', \'Erlangga Dafa Pratama\', \'erlanggadafa.p@gmail.com\', \'Paket Plong\', 150000, \'bni\', \'pending\', NULL)')
 3 SYSTEMPATH\Database\BaseConnection.php(607): CodeIgniter\Database\BaseConnection->simpleQuery('INSERT INTO `payment` (`order_id`, `nama_lengkap`, `email`, `package`, `amount`, `payment_type`, `transaction_status`, `imgpayment`) VALUES (\'668e8b3b27365\', \'Erlangga Dafa Pratama\', \'erlanggadafa.p@gmail.com\', \'Paket Plong\', 150000, \'bni\', \'pending\', NULL)')
 4 SYSTEMPATH\Database\BaseBuilder.php(2307): CodeIgniter\Database\BaseConnection->query('INSERT INTO `payment` (`order_id`, `nama_lengkap`, `email`, `package`, `amount`, `payment_type`, `transaction_status`, `imgpayment`) VALUES (:order_id:, :nama_lengkap:, :email:, :package:, :amount:, :payment_type:, :transaction_status:, :imgpayment:)', [...], false)
 5 SYSTEMPATH\Model.php(327): CodeIgniter\Database\BaseBuilder->insert()
 6 SYSTEMPATH\BaseModel.php(805): CodeIgniter\Model->doInsert([...])
 7 SYSTEMPATH\Model.php(749): CodeIgniter\BaseModel->insert([...], false)
 8 SYSTEMPATH\BaseModel.php(716): CodeIgniter\Model->insert([...], false)
 9 APPPATH\Controllers\Payment.php(48): CodeIgniter\BaseModel->save([...])
10 SYSTEMPATH\CodeIgniter.php(943): App\Controllers\Payment->createPayment()
11 SYSTEMPATH\CodeIgniter.php(503): CodeIgniter\CodeIgniter->runController(Object(App\Controllers\Payment))
12 SYSTEMPATH\CodeIgniter.php(361): CodeIgniter\CodeIgniter->handleRequest(null, Object(Config\Cache), false)
13 FCPATH\index.php(79): CodeIgniter\CodeIgniter->run()
INFO - 2024-07-10 13:23:28 --> Session: Class initialized using 'CodeIgniter\Session\Handlers\FileHandler' driver.
INFO - 2024-07-10 13:23:30 --> Session: Class initialized using 'CodeIgniter\Session\Handlers\FileHandler' driver.
INFO - 2024-07-10 13:23:36 --> Session: Class initialized using 'CodeIgniter\Session\Handlers\FileHandler' driver.
INFO - 2024-07-10 13:23:37 --> Session: Class initialized using 'CodeIgniter\Session\Handlers\FileHandler' driver.
INFO - 2024-07-10 13:23:39 --> Session: Class initialized using 'CodeIgniter\Session\Handlers\FileHandler' driver.
INFO - 2024-07-10 13:24:11 --> Session: Class initialized using 'CodeIgniter\Session\Handlers\FileHandler' driver.
ERROR - 2024-07-10 13:24:11 --> mysqli_sql_exception: Column 'imgpayment' cannot be null in C:\xampp\htdocs\ci4curhatkuy-updated\vendor\codeigniter4\framework\system\Database\MySQLi\Connection.php:306
Stack trace:
#0 C:\xampp\htdocs\ci4curhatkuy-updated\vendor\codeigniter4\framework\system\Database\MySQLi\Connection.php(306): mysqli->query('INSERT INTO `pa...', 0)
#1 C:\xampp\htdocs\ci4curhatkuy-updated\vendor\codeigniter4\framework\system\Database\BaseConnection.php(693): CodeIgniter\Database\MySQLi\Connection->execute('INSERT INTO `pa...')
#2 C:\xampp\htdocs\ci4curhatkuy-updated\vendor\codeigniter4\framework\system\Database\BaseConnection.php(607): CodeIgniter\Database\BaseConnection->simpleQuery('INSERT INTO `pa...')
#3 C:\xampp\htdocs\ci4curhatkuy-updated\vendor\codeigniter4\framework\system\Database\BaseBuilder.php(2307): CodeIgniter\Database\BaseConnection->query('INSERT INTO `pa...', Array, false)
#4 C:\xampp\htdocs\ci4curhatkuy-updated\vendor\codeigniter4\framework\system\Model.php(327): CodeIgniter\Database\BaseBuilder->insert()
#5 C:\xampp\htdocs\ci4curhatkuy-updated\vendor\codeigniter4\framework\system\BaseModel.php(805): CodeIgniter\Model->doInsert(Array)
#6 C:\xampp\htdocs\ci4curhatkuy-updated\vendor\codeigniter4\framework\system\Model.php(749): CodeIgniter\BaseModel->insert(Array, false)
#7 C:\xampp\htdocs\ci4curhatkuy-updated\vendor\codeigniter4\framework\system\BaseModel.php(716): CodeIgniter\Model->insert(Array, false)
#8 C:\xampp\htdocs\ci4curhatkuy-updated\app\Controllers\Payment.php(48): CodeIgniter\BaseModel->save(Array)
#9 C:\xampp\htdocs\ci4curhatkuy-updated\vendor\codeigniter4\framework\system\CodeIgniter.php(943): App\Controllers\Payment->createPayment()
#10 C:\xampp\htdocs\ci4curhatkuy-updated\vendor\codeigniter4\framework\system\CodeIgniter.php(503): CodeIgniter\CodeIgniter->runController(Object(App\Controllers\Payment))
#11 C:\xampp\htdocs\ci4curhatkuy-updated\vendor\codeigniter4\framework\system\CodeIgniter.php(361): CodeIgniter\CodeIgniter->handleRequest(NULL, Object(Config\Cache), false)
#12 C:\xampp\htdocs\ci4curhatkuy-updated\public\index.php(79): CodeIgniter\CodeIgniter->run()
#13 {main}
CRITICAL - 2024-07-10 13:24:11 --> CodeIgniter\Database\Exceptions\DatabaseException: Column 'imgpayment' cannot be null
in SYSTEMPATH\Database\BaseConnection.php on line 647.
 1 SYSTEMPATH\Database\BaseBuilder.php(2307): CodeIgniter\Database\BaseConnection->query('INSERT INTO `payment` (`order_id`, `nama_lengkap`, `email`, `package`, `amount`, `payment_type`, `transaction_status`, `imgpayment`) VALUES (:order_id:, :nama_lengkap:, :email:, :package:, :amount:, :payment_type:, :transaction_status:, :imgpayment:)', [...], false)
 2 SYSTEMPATH\Model.php(327): CodeIgniter\Database\BaseBuilder->insert()
 3 SYSTEMPATH\BaseModel.php(805): CodeIgniter\Model->doInsert([...])
 4 SYSTEMPATH\Model.php(749): CodeIgniter\BaseModel->insert([...], false)
 5 SYSTEMPATH\BaseModel.php(716): CodeIgniter\Model->insert([...], false)
 6 APPPATH\Controllers\Payment.php(48): CodeIgniter\BaseModel->save([...])
 7 SYSTEMPATH\CodeIgniter.php(943): App\Controllers\Payment->createPayment()
 8 SYSTEMPATH\CodeIgniter.php(503): CodeIgniter\CodeIgniter->runController(Object(App\Controllers\Payment))
 9 SYSTEMPATH\CodeIgniter.php(361): CodeIgniter\CodeIgniter->handleRequest(null, Object(Config\Cache), false)
10 FCPATH\index.php(79): CodeIgniter\CodeIgniter->run()
CRITICAL - 2024-07-10 13:24:11 --> [Caused by] CodeIgniter\Database\Exceptions\DatabaseException: Column 'imgpayment' cannot be null
in SYSTEMPATH\Database\MySQLi\Connection.php on line 311.
 1 SYSTEMPATH\Database\BaseConnection.php(693): CodeIgniter\Database\MySQLi\Connection->execute('INSERT INTO `payment` (`order_id`, `nama_lengkap`, `email`, `package`, `amount`, `payment_type`, `transaction_status`, `imgpayment`) VALUES (\'668e8b7bb3fbf\', \'Erlangga Dafa Pratama\', \'erlanggadafa.p@gmail.com\', \'Paket Plong\', 150000, \'bni\', \'pending\', NULL)')
 2 SYSTEMPATH\Database\BaseConnection.php(607): CodeIgniter\Database\BaseConnection->simpleQuery('INSERT INTO `payment` (`order_id`, `nama_lengkap`, `email`, `package`, `amount`, `payment_type`, `transaction_status`, `imgpayment`) VALUES (\'668e8b7bb3fbf\', \'Erlangga Dafa Pratama\', \'erlanggadafa.p@gmail.com\', \'Paket Plong\', 150000, \'bni\', \'pending\', NULL)')
 3 SYSTEMPATH\Database\BaseBuilder.php(2307): CodeIgniter\Database\BaseConnection->query('INSERT INTO `payment` (`order_id`, `nama_lengkap`, `email`, `package`, `amount`, `payment_type`, `transaction_status`, `imgpayment`) VALUES (:order_id:, :nama_lengkap:, :email:, :package:, :amount:, :payment_type:, :transaction_status:, :imgpayment:)', [...], false)
 4 SYSTEMPATH\Model.php(327): CodeIgniter\Database\BaseBuilder->insert()
 5 SYSTEMPATH\BaseModel.php(805): CodeIgniter\Model->doInsert([...])
 6 SYSTEMPATH\Model.php(749): CodeIgniter\BaseModel->insert([...], false)
 7 SYSTEMPATH\BaseModel.php(716): CodeIgniter\Model->insert([...], false)
 8 APPPATH\Controllers\Payment.php(48): CodeIgniter\BaseModel->save([...])
 9 SYSTEMPATH\CodeIgniter.php(943): App\Controllers\Payment->createPayment()
10 SYSTEMPATH\CodeIgniter.php(503): CodeIgniter\CodeIgniter->runController(Object(App\Controllers\Payment))
11 SYSTEMPATH\CodeIgniter.php(361): CodeIgniter\CodeIgniter->handleRequest(null, Object(Config\Cache), false)
12 FCPATH\index.php(79): CodeIgniter\CodeIgniter->run()
CRITICAL - 2024-07-10 13:24:11 --> [Caused by] mysqli_sql_exception: Column 'imgpayment' cannot be null
in SYSTEMPATH\Database\MySQLi\Connection.php on line 306.
 1 SYSTEMPATH\Database\MySQLi\Connection.php(306): mysqli->query('INSERT INTO `payment` (`order_id`, `nama_lengkap`, `email`, `package`, `amount`, `payment_type`, `transaction_status`, `imgpayment`) VALUES (\'668e8b7bb3fbf\', \'Erlangga Dafa Pratama\', \'erlanggadafa.p@gmail.com\', \'Paket Plong\', 150000, \'bni\', \'pending\', NULL)', 0)
 2 SYSTEMPATH\Database\BaseConnection.php(693): CodeIgniter\Database\MySQLi\Connection->execute('INSERT INTO `payment` (`order_id`, `nama_lengkap`, `email`, `package`, `amount`, `payment_type`, `transaction_status`, `imgpayment`) VALUES (\'668e8b7bb3fbf\', \'Erlangga Dafa Pratama\', \'erlanggadafa.p@gmail.com\', \'Paket Plong\', 150000, \'bni\', \'pending\', NULL)')
 3 SYSTEMPATH\Database\BaseConnection.php(607): CodeIgniter\Database\BaseConnection->simpleQuery('INSERT INTO `payment` (`order_id`, `nama_lengkap`, `email`, `package`, `amount`, `payment_type`, `transaction_status`, `imgpayment`) VALUES (\'668e8b7bb3fbf\', \'Erlangga Dafa Pratama\', \'erlanggadafa.p@gmail.com\', \'Paket Plong\', 150000, \'bni\', \'pending\', NULL)')
 4 SYSTEMPATH\Database\BaseBuilder.php(2307): CodeIgniter\Database\BaseConnection->query('INSERT INTO `payment` (`order_id`, `nama_lengkap`, `email`, `package`, `amount`, `payment_type`, `transaction_status`, `imgpayment`) VALUES (:order_id:, :nama_lengkap:, :email:, :package:, :amount:, :payment_type:, :transaction_status:, :imgpayment:)', [...], false)
 5 SYSTEMPATH\Model.php(327): CodeIgniter\Database\BaseBuilder->insert()
 6 SYSTEMPATH\BaseModel.php(805): CodeIgniter\Model->doInsert([...])
 7 SYSTEMPATH\Model.php(749): CodeIgniter\BaseModel->insert([...], false)
 8 SYSTEMPATH\BaseModel.php(716): CodeIgniter\Model->insert([...], false)
 9 APPPATH\Controllers\Payment.php(48): CodeIgniter\BaseModel->save([...])
10 SYSTEMPATH\CodeIgniter.php(943): App\Controllers\Payment->createPayment()
11 SYSTEMPATH\CodeIgniter.php(503): CodeIgniter\CodeIgniter->runController(Object(App\Controllers\Payment))
12 SYSTEMPATH\CodeIgniter.php(361): CodeIgniter\CodeIgniter->handleRequest(null, Object(Config\Cache), false)
13 FCPATH\index.php(79): CodeIgniter\CodeIgniter->run()
INFO - 2024-07-10 13:25:00 --> Session: Class initialized using 'CodeIgniter\Session\Handlers\FileHandler' driver.
INFO - 2024-07-10 13:25:13 --> Session: Class initialized using 'CodeIgniter\Session\Handlers\FileHandler' driver.
INFO - 2024-07-10 13:25:21 --> Session: Class initialized using 'CodeIgniter\Session\Handlers\FileHandler' driver.
CRITICAL - 2024-07-10 13:30:35 --> TypeError: Cannot access offset of type string on string
in APPPATH\Views\pages\homeAdmin.php on line 154.
 1 SYSTEMPATH\View\View.php(228): include()
 2 SYSTEMPATH\View\View.php(231): CodeIgniter\View\View->CodeIgniter\View\{closure}()
 3 SYSTEMPATH\Common.php(1178): CodeIgniter\View\View->render('pages/homeAdmin', [], true)
 4 APPPATH\Controllers\Admin.php(25): view('pages/homeAdmin', [...])
 5 SYSTEMPATH\CodeIgniter.php(943): App\Controllers\Admin->index()
 6 SYSTEMPATH\CodeIgniter.php(503): CodeIgniter\CodeIgniter->runController(Object(App\Controllers\Admin))
 7 SYSTEMPATH\CodeIgniter.php(361): CodeIgniter\CodeIgniter->handleRequest(null, Object(Config\Cache), false)
 8 FCPATH\index.php(79): CodeIgniter\CodeIgniter->run()
INFO - 2024-07-10 13:34:46 --> Session: Class initialized using 'CodeIgniter\Session\Handlers\FileHandler' driver.
INFO - 2024-07-10 13:34:55 --> Session: Class initialized using 'CodeIgniter\Session\Handlers\FileHandler' driver.
INFO - 2024-07-10 13:38:49 --> Session: Class initialized using 'CodeIgniter\Session\Handlers\FileHandler' driver.
INFO - 2024-07-10 13:38:53 --> Session: Class initialized using 'CodeIgniter\Session\Handlers\FileHandler' driver.
INFO - 2024-07-10 13:41:38 --> Session: Class initialized using 'CodeIgniter\Session\Handlers\FileHandler' driver.
INFO - 2024-07-10 13:41:39 --> Session: Class initialized using 'CodeIgniter\Session\Handlers\FileHandler' driver.
INFO - 2024-07-10 13:43:31 --> Session: Class initialized using 'CodeIgniter\Session\Handlers\FileHandler' driver.
INFO - 2024-07-10 13:43:32 --> Session: Class initialized using 'CodeIgniter\Session\Handlers\FileHandler' driver.
INFO - 2024-07-10 13:55:25 --> Session: Class initialized using 'CodeIgniter\Session\Handlers\FileHandler' driver.
INFO - 2024-07-10 13:55:50 --> Session: Class initialized using 'CodeIgniter\Session\Handlers\FileHandler' driver.
INFO - 2024-07-10 13:57:13 --> Session: Class initialized using 'CodeIgniter\Session\Handlers\FileHandler' driver.
INFO - 2024-07-10 13:57:26 --> Session: Class initialized using 'CodeIgniter\Session\Handlers\FileHandler' driver.
INFO - 2024-07-10 13:57:31 --> Session: Class initialized using 'CodeIgniter\Session\Handlers\FileHandler' driver.
INFO - 2024-07-10 13:57:50 --> Session: Class initialized using 'CodeIgniter\Session\Handlers\FileHandler' driver.
INFO - 2024-07-10 13:57:50 --> Session: Class initialized using 'CodeIgniter\Session\Handlers\FileHandler' driver.
INFO - 2024-07-10 13:59:29 --> Session: Class initialized using 'CodeIgniter\Session\Handlers\FileHandler' driver.
INFO - 2024-07-10 13:59:50 --> Session: Class initialized using 'CodeIgniter\Session\Handlers\FileHandler' driver.
INFO - 2024-07-10 14:00:27 --> Session: Class initialized using 'CodeIgniter\Session\Handlers\FileHandler' driver.
INFO - 2024-07-10 14:00:28 --> Session: Class initialized using 'CodeIgniter\Session\Handlers\FileHandler' driver.
INFO - 2024-07-10 14:07:41 --> Session: Class initialized using 'CodeIgniter\Session\Handlers\FileHandler' driver.
INFO - 2024-07-10 14:08:04 --> Session: Class initialized using 'CodeIgniter\Session\Handlers\FileHandler' driver.
INFO - 2024-07-10 14:08:04 --> Session: Class initialized using 'CodeIgniter\Session\Handlers\FileHandler' driver.
INFO - 2024-07-10 14:09:18 --> Session: Class initialized using 'CodeIgniter\Session\Handlers\FileHandler' driver.
INFO - 2024-07-10 14:09:43 --> Session: Class initialized using 'CodeIgniter\Session\Handlers\FileHandler' driver.
INFO - 2024-07-10 14:09:43 --> Session: Class initialized using 'CodeIgniter\Session\Handlers\FileHandler' driver.
INFO - 2024-07-10 14:10:06 --> Session: Class initialized using 'CodeIgniter\Session\Handlers\FileHandler' driver.
INFO - 2024-07-10 14:10:11 --> Session: Class initialized using 'CodeIgniter\Session\Handlers\FileHandler' driver.
INFO - 2024-07-10 14:10:17 --> Session: Class initialized using 'CodeIgniter\Session\Handlers\FileHandler' driver.
INFO - 2024-07-10 14:10:24 --> Session: Class initialized using 'CodeIgniter\Session\Handlers\FileHandler' driver.
INFO - 2024-07-10 14:10:24 --> Session: Class initialized using 'CodeIgniter\Session\Handlers\FileHandler' driver.
INFO - 2024-07-10 14:10:28 --> Session: Class initialized using 'CodeIgniter\Session\Handlers\FileHandler' driver.
INFO - 2024-07-10 14:11:08 --> Session: Class initialized using 'CodeIgniter\Session\Handlers\FileHandler' driver.
INFO - 2024-07-10 14:11:40 --> Session: Class initialized using 'CodeIgniter\Session\Handlers\FileHandler' driver.
ERROR - 2024-07-10 14:11:40 --> mysqli_sql_exception: Duplicate entry 'erlanggadafa.p@gmail.com' for key 'PRIMARY' in C:\xampp\htdocs\ci4curhatkuy-min\vendor\codeigniter4\framework\system\Database\MySQLi\Connection.php:306
Stack trace:
#0 C:\xampp\htdocs\ci4curhatkuy-min\vendor\codeigniter4\framework\system\Database\MySQLi\Connection.php(306): mysqli->query('INSERT INTO `ra...', 0)
#1 C:\xampp\htdocs\ci4curhatkuy-min\vendor\codeigniter4\framework\system\Database\BaseConnection.php(693): CodeIgniter\Database\MySQLi\Connection->execute('INSERT INTO `ra...')
#2 C:\xampp\htdocs\ci4curhatkuy-min\vendor\codeigniter4\framework\system\Database\BaseConnection.php(607): CodeIgniter\Database\BaseConnection->simpleQuery('INSERT INTO `ra...')
#3 C:\xampp\htdocs\ci4curhatkuy-min\vendor\codeigniter4\framework\system\Database\BaseBuilder.php(2307): CodeIgniter\Database\BaseConnection->query('INSERT INTO `ra...', Array, false)
#4 C:\xampp\htdocs\ci4curhatkuy-min\vendor\codeigniter4\framework\system\Model.php(327): CodeIgniter\Database\BaseBuilder->insert()
#5 C:\xampp\htdocs\ci4curhatkuy-min\vendor\codeigniter4\framework\system\BaseModel.php(805): CodeIgniter\Model->doInsert(Array)
#6 C:\xampp\htdocs\ci4curhatkuy-min\vendor\codeigniter4\framework\system\Model.php(749): CodeIgniter\BaseModel->insert(Array, false)
#7 C:\xampp\htdocs\ci4curhatkuy-min\vendor\codeigniter4\framework\system\BaseModel.php(716): CodeIgniter\Model->insert(Array, false)
#8 C:\xampp\htdocs\ci4curhatkuy-min\app\Controllers\Rating.php(35): CodeIgniter\BaseModel->save(Array)
#9 C:\xampp\htdocs\ci4curhatkuy-min\vendor\codeigniter4\framework\system\CodeIgniter.php(943): App\Controllers\Rating->send()
#10 C:\xampp\htdocs\ci4curhatkuy-min\vendor\codeigniter4\framework\system\CodeIgniter.php(503): CodeIgniter\CodeIgniter->runController(Object(App\Controllers\Rating))
#11 C:\xampp\htdocs\ci4curhatkuy-min\vendor\codeigniter4\framework\system\CodeIgniter.php(361): CodeIgniter\CodeIgniter->handleRequest(NULL, Object(Config\Cache), false)
#12 C:\xampp\htdocs\ci4curhatkuy-min\public\index.php(79): CodeIgniter\CodeIgniter->run()
#13 {main}
CRITICAL - 2024-07-10 14:11:41 --> CodeIgniter\Database\Exceptions\DatabaseException: Duplicate entry 'erlanggadafa.p@gmail.com' for key 'PRIMARY'
in SYSTEMPATH\Database\BaseConnection.php on line 647.
 1 SYSTEMPATH\Database\BaseBuilder.php(2307): CodeIgniter\Database\BaseConnection->query('INSERT INTO `rating` (`name`, `email`, `rate`, `message`) VALUES (:name:, :email:, :rate:, :message:)', [...], false)
 2 SYSTEMPATH\Model.php(327): CodeIgniter\Database\BaseBuilder->insert()
 3 SYSTEMPATH\BaseModel.php(805): CodeIgniter\Model->doInsert([...])
 4 SYSTEMPATH\Model.php(749): CodeIgniter\BaseModel->insert([...], false)
 5 SYSTEMPATH\BaseModel.php(716): CodeIgniter\Model->insert([...], false)
 6 APPPATH\Controllers\Rating.php(35): CodeIgniter\BaseModel->save([...])
 7 SYSTEMPATH\CodeIgniter.php(943): App\Controllers\Rating->send()
 8 SYSTEMPATH\CodeIgniter.php(503): CodeIgniter\CodeIgniter->runController(Object(App\Controllers\Rating))
 9 SYSTEMPATH\CodeIgniter.php(361): CodeIgniter\CodeIgniter->handleRequest(null, Object(Config\Cache), false)
10 FCPATH\index.php(79): CodeIgniter\CodeIgniter->run()
CRITICAL - 2024-07-10 14:11:41 --> [Caused by] CodeIgniter\Database\Exceptions\DatabaseException: Duplicate entry 'erlanggadafa.p@gmail.com' for key 'PRIMARY'
in SYSTEMPATH\Database\MySQLi\Connection.php on line 311.
 1 SYSTEMPATH\Database\BaseConnection.php(693): CodeIgniter\Database\MySQLi\Connection->execute('INSERT INTO `rating` (`name`, `email`, `rate`, `message`) VALUES (\'Erlangga Dafa Pratama\', \'erlanggadafa.p@gmail.com\', \'4\', \'kurang sopan dikit\')')
 2 SYSTEMPATH\Database\BaseConnection.php(607): CodeIgniter\Database\BaseConnection->simpleQuery('INSERT INTO `rating` (`name`, `email`, `rate`, `message`) VALUES (\'Erlangga Dafa Pratama\', \'erlanggadafa.p@gmail.com\', \'4\', \'kurang sopan dikit\')')
 3 SYSTEMPATH\Database\BaseBuilder.php(2307): CodeIgniter\Database\BaseConnection->query('INSERT INTO `rating` (`name`, `email`, `rate`, `message`) VALUES (:name:, :email:, :rate:, :message:)', [...], false)
 4 SYSTEMPATH\Model.php(327): CodeIgniter\Database\BaseBuilder->insert()
 5 SYSTEMPATH\BaseModel.php(805): CodeIgniter\Model->doInsert([...])
 6 SYSTEMPATH\Model.php(749): CodeIgniter\BaseModel->insert([...], false)
 7 SYSTEMPATH\BaseModel.php(716): CodeIgniter\Model->insert([...], false)
 8 APPPATH\Controllers\Rating.php(35): CodeIgniter\BaseModel->save([...])
 9 SYSTEMPATH\CodeIgniter.php(943): App\Controllers\Rating->send()
10 SYSTEMPATH\CodeIgniter.php(503): CodeIgniter\CodeIgniter->runController(Object(App\Controllers\Rating))
11 SYSTEMPATH\CodeIgniter.php(361): CodeIgniter\CodeIgniter->handleRequest(null, Object(Config\Cache), false)
12 FCPATH\index.php(79): CodeIgniter\CodeIgniter->run()
CRITICAL - 2024-07-10 14:11:41 --> [Caused by] mysqli_sql_exception: Duplicate entry 'erlanggadafa.p@gmail.com' for key 'PRIMARY'
in SYSTEMPATH\Database\MySQLi\Connection.php on line 306.
 1 SYSTEMPATH\Database\MySQLi\Connection.php(306): mysqli->query('INSERT INTO `rating` (`name`, `email`, `rate`, `message`) VALUES (\'Erlangga Dafa Pratama\', \'erlanggadafa.p@gmail.com\', \'4\', \'kurang sopan dikit\')', 0)
 2 SYSTEMPATH\Database\BaseConnection.php(693): CodeIgniter\Database\MySQLi\Connection->execute('INSERT INTO `rating` (`name`, `email`, `rate`, `message`) VALUES (\'Erlangga Dafa Pratama\', \'erlanggadafa.p@gmail.com\', \'4\', \'kurang sopan dikit\')')
 3 SYSTEMPATH\Database\BaseConnection.php(607): CodeIgniter\Database\BaseConnection->simpleQuery('INSERT INTO `rating` (`name`, `email`, `rate`, `message`) VALUES (\'Erlangga Dafa Pratama\', \'erlanggadafa.p@gmail.com\', \'4\', \'kurang sopan dikit\')')
 4 SYSTEMPATH\Database\BaseBuilder.php(2307): CodeIgniter\Database\BaseConnection->query('INSERT INTO `rating` (`name`, `email`, `rate`, `message`) VALUES (:name:, :email:, :rate:, :message:)', [...], false)
 5 SYSTEMPATH\Model.php(327): CodeIgniter\Database\BaseBuilder->insert()
 6 SYSTEMPATH\BaseModel.php(805): CodeIgniter\Model->doInsert([...])
 7 SYSTEMPATH\Model.php(749): CodeIgniter\BaseModel->insert([...], false)
 8 SYSTEMPATH\BaseModel.php(716): CodeIgniter\Model->insert([...], false)
 9 APPPATH\Controllers\Rating.php(35): CodeIgniter\BaseModel->save([...])
10 SYSTEMPATH\CodeIgniter.php(943): App\Controllers\Rating->send()
11 SYSTEMPATH\CodeIgniter.php(503): CodeIgniter\CodeIgniter->runController(Object(App\Controllers\Rating))
12 SYSTEMPATH\CodeIgniter.php(361): CodeIgniter\CodeIgniter->handleRequest(null, Object(Config\Cache), false)
13 FCPATH\index.php(79): CodeIgniter\CodeIgniter->run()
INFO - 2024-07-10 14:12:31 --> Session: Class initialized using 'CodeIgniter\Session\Handlers\FileHandler' driver.
INFO - 2024-07-10 14:12:46 --> Session: Class initialized using 'CodeIgniter\Session\Handlers\FileHandler' driver.
ERROR - 2024-07-10 14:12:46 --> mysqli_sql_exception: Duplicate entry 'erlanggadafa.p@gmail.com' for key 'PRIMARY' in C:\xampp\htdocs\ci4curhatkuy-min\vendor\codeigniter4\framework\system\Database\MySQLi\Connection.php:306
Stack trace:
#0 C:\xampp\htdocs\ci4curhatkuy-min\vendor\codeigniter4\framework\system\Database\MySQLi\Connection.php(306): mysqli->query('INSERT INTO `ra...', 0)
#1 C:\xampp\htdocs\ci4curhatkuy-min\vendor\codeigniter4\framework\system\Database\BaseConnection.php(693): CodeIgniter\Database\MySQLi\Connection->execute('INSERT INTO `ra...')
#2 C:\xampp\htdocs\ci4curhatkuy-min\vendor\codeigniter4\framework\system\Database\BaseConnection.php(607): CodeIgniter\Database\BaseConnection->simpleQuery('INSERT INTO `ra...')
#3 C:\xampp\htdocs\ci4curhatkuy-min\vendor\codeigniter4\framework\system\Database\BaseBuilder.php(2307): CodeIgniter\Database\BaseConnection->query('INSERT INTO `ra...', Array, false)
#4 C:\xampp\htdocs\ci4curhatkuy-min\vendor\codeigniter4\framework\system\Model.php(327): CodeIgniter\Database\BaseBuilder->insert()
#5 C:\xampp\htdocs\ci4curhatkuy-min\vendor\codeigniter4\framework\system\BaseModel.php(805): CodeIgniter\Model->doInsert(Array)
#6 C:\xampp\htdocs\ci4curhatkuy-min\vendor\codeigniter4\framework\system\Model.php(749): CodeIgniter\BaseModel->insert(Array, false)
#7 C:\xampp\htdocs\ci4curhatkuy-min\vendor\codeigniter4\framework\system\BaseModel.php(716): CodeIgniter\Model->insert(Array, false)
#8 C:\xampp\htdocs\ci4curhatkuy-min\app\Controllers\Rating.php(35): CodeIgniter\BaseModel->save(Array)
#9 C:\xampp\htdocs\ci4curhatkuy-min\vendor\codeigniter4\framework\system\CodeIgniter.php(943): App\Controllers\Rating->send()
#10 C:\xampp\htdocs\ci4curhatkuy-min\vendor\codeigniter4\framework\system\CodeIgniter.php(503): CodeIgniter\CodeIgniter->runController(Object(App\Controllers\Rating))
#11 C:\xampp\htdocs\ci4curhatkuy-min\vendor\codeigniter4\framework\system\CodeIgniter.php(361): CodeIgniter\CodeIgniter->handleRequest(NULL, Object(Config\Cache), false)
#12 C:\xampp\htdocs\ci4curhatkuy-min\public\index.php(79): CodeIgniter\CodeIgniter->run()
#13 {main}
CRITICAL - 2024-07-10 14:12:46 --> CodeIgniter\Database\Exceptions\DatabaseException: Duplicate entry 'erlanggadafa.p@gmail.com' for key 'PRIMARY'
in SYSTEMPATH\Database\BaseConnection.php on line 647.
 1 SYSTEMPATH\Database\BaseBuilder.php(2307): CodeIgniter\Database\BaseConnection->query('INSERT INTO `rating` (`name`, `email`, `rate`, `message`) VALUES (:name:, :email:, :rate:, :message:)', [...], false)
 2 SYSTEMPATH\Model.php(327): CodeIgniter\Database\BaseBuilder->insert()
 3 SYSTEMPATH\BaseModel.php(805): CodeIgniter\Model->doInsert([...])
 4 SYSTEMPATH\Model.php(749): CodeIgniter\BaseModel->insert([...], false)
 5 SYSTEMPATH\BaseModel.php(716): CodeIgniter\Model->insert([...], false)
 6 APPPATH\Controllers\Rating.php(35): CodeIgniter\BaseModel->save([...])
 7 SYSTEMPATH\CodeIgniter.php(943): App\Controllers\Rating->send()
 8 SYSTEMPATH\CodeIgniter.php(503): CodeIgniter\CodeIgniter->runController(Object(App\Controllers\Rating))
 9 SYSTEMPATH\CodeIgniter.php(361): CodeIgniter\CodeIgniter->handleRequest(null, Object(Config\Cache), false)
10 FCPATH\index.php(79): CodeIgniter\CodeIgniter->run()
CRITICAL - 2024-07-10 14:12:46 --> [Caused by] CodeIgniter\Database\Exceptions\DatabaseException: Duplicate entry 'erlanggadafa.p@gmail.com' for key 'PRIMARY'
in SYSTEMPATH\Database\MySQLi\Connection.php on line 311.
 1 SYSTEMPATH\Database\BaseConnection.php(693): CodeIgniter\Database\MySQLi\Connection->execute('INSERT INTO `rating` (`name`, `email`, `rate`, `message`) VALUES (\'Erlangga Dafa Pratama\', \'erlanggadafa.p@gmail.com\', \'4\', \'dikit\')')
 2 SYSTEMPATH\Database\BaseConnection.php(607): CodeIgniter\Database\BaseConnection->simpleQuery('INSERT INTO `rating` (`name`, `email`, `rate`, `message`) VALUES (\'Erlangga Dafa Pratama\', \'erlanggadafa.p@gmail.com\', \'4\', \'dikit\')')
 3 SYSTEMPATH\Database\BaseBuilder.php(2307): CodeIgniter\Database\BaseConnection->query('INSERT INTO `rating` (`name`, `email`, `rate`, `message`) VALUES (:name:, :email:, :rate:, :message:)', [...], false)
 4 SYSTEMPATH\Model.php(327): CodeIgniter\Database\BaseBuilder->insert()
 5 SYSTEMPATH\BaseModel.php(805): CodeIgniter\Model->doInsert([...])
 6 SYSTEMPATH\Model.php(749): CodeIgniter\BaseModel->insert([...], false)
 7 SYSTEMPATH\BaseModel.php(716): CodeIgniter\Model->insert([...], false)
 8 APPPATH\Controllers\Rating.php(35): CodeIgniter\BaseModel->save([...])
 9 SYSTEMPATH\CodeIgniter.php(943): App\Controllers\Rating->send()
10 SYSTEMPATH\CodeIgniter.php(503): CodeIgniter\CodeIgniter->runController(Object(App\Controllers\Rating))
11 SYSTEMPATH\CodeIgniter.php(361): CodeIgniter\CodeIgniter->handleRequest(null, Object(Config\Cache), false)
12 FCPATH\index.php(79): CodeIgniter\CodeIgniter->run()
CRITICAL - 2024-07-10 14:12:46 --> [Caused by] mysqli_sql_exception: Duplicate entry 'erlanggadafa.p@gmail.com' for key 'PRIMARY'
in SYSTEMPATH\Database\MySQLi\Connection.php on line 306.
 1 SYSTEMPATH\Database\MySQLi\Connection.php(306): mysqli->query('INSERT INTO `rating` (`name`, `email`, `rate`, `message`) VALUES (\'Erlangga Dafa Pratama\', \'erlanggadafa.p@gmail.com\', \'4\', \'dikit\')', 0)
 2 SYSTEMPATH\Database\BaseConnection.php(693): CodeIgniter\Database\MySQLi\Connection->execute('INSERT INTO `rating` (`name`, `email`, `rate`, `message`) VALUES (\'Erlangga Dafa Pratama\', \'erlanggadafa.p@gmail.com\', \'4\', \'dikit\')')
 3 SYSTEMPATH\Database\BaseConnection.php(607): CodeIgniter\Database\BaseConnection->simpleQuery('INSERT INTO `rating` (`name`, `email`, `rate`, `message`) VALUES (\'Erlangga Dafa Pratama\', \'erlanggadafa.p@gmail.com\', \'4\', \'dikit\')')
 4 SYSTEMPATH\Database\BaseBuilder.php(2307): CodeIgniter\Database\BaseConnection->query('INSERT INTO `rating` (`name`, `email`, `rate`, `message`) VALUES (:name:, :email:, :rate:, :message:)', [...], false)
 5 SYSTEMPATH\Model.php(327): CodeIgniter\Database\BaseBuilder->insert()
 6 SYSTEMPATH\BaseModel.php(805): CodeIgniter\Model->doInsert([...])
 7 SYSTEMPATH\Model.php(749): CodeIgniter\BaseModel->insert([...], false)
 8 SYSTEMPATH\BaseModel.php(716): CodeIgniter\Model->insert([...], false)
 9 APPPATH\Controllers\Rating.php(35): CodeIgniter\BaseModel->save([...])
10 SYSTEMPATH\CodeIgniter.php(943): App\Controllers\Rating->send()
11 SYSTEMPATH\CodeIgniter.php(503): CodeIgniter\CodeIgniter->runController(Object(App\Controllers\Rating))
12 SYSTEMPATH\CodeIgniter.php(361): CodeIgniter\CodeIgniter->handleRequest(null, Object(Config\Cache), false)
13 FCPATH\index.php(79): CodeIgniter\CodeIgniter->run()
INFO - 2024-07-10 14:12:46 --> Session: Class initialized using 'CodeIgniter\Session\Handlers\FileHandler' driver.
ERROR - 2024-07-10 14:12:47 --> mysqli_sql_exception: Duplicate entry 'erlanggadafa.p@gmail.com' for key 'PRIMARY' in C:\xampp\htdocs\ci4curhatkuy-min\vendor\codeigniter4\framework\system\Database\MySQLi\Connection.php:306
Stack trace:
#0 C:\xampp\htdocs\ci4curhatkuy-min\vendor\codeigniter4\framework\system\Database\MySQLi\Connection.php(306): mysqli->query('INSERT INTO `ra...', 0)
#1 C:\xampp\htdocs\ci4curhatkuy-min\vendor\codeigniter4\framework\system\Database\BaseConnection.php(693): CodeIgniter\Database\MySQLi\Connection->execute('INSERT INTO `ra...')
#2 C:\xampp\htdocs\ci4curhatkuy-min\vendor\codeigniter4\framework\system\Database\BaseConnection.php(607): CodeIgniter\Database\BaseConnection->simpleQuery('INSERT INTO `ra...')
#3 C:\xampp\htdocs\ci4curhatkuy-min\vendor\codeigniter4\framework\system\Database\BaseBuilder.php(2307): CodeIgniter\Database\BaseConnection->query('INSERT INTO `ra...', Array, false)
#4 C:\xampp\htdocs\ci4curhatkuy-min\vendor\codeigniter4\framework\system\Model.php(327): CodeIgniter\Database\BaseBuilder->insert()
#5 C:\xampp\htdocs\ci4curhatkuy-min\vendor\codeigniter4\framework\system\BaseModel.php(805): CodeIgniter\Model->doInsert(Array)
#6 C:\xampp\htdocs\ci4curhatkuy-min\vendor\codeigniter4\framework\system\Model.php(749): CodeIgniter\BaseModel->insert(Array, false)
#7 C:\xampp\htdocs\ci4curhatkuy-min\vendor\codeigniter4\framework\system\BaseModel.php(716): CodeIgniter\Model->insert(Array, false)
#8 C:\xampp\htdocs\ci4curhatkuy-min\app\Controllers\Rating.php(35): CodeIgniter\BaseModel->save(Array)
#9 C:\xampp\htdocs\ci4curhatkuy-min\vendor\codeigniter4\framework\system\CodeIgniter.php(943): App\Controllers\Rating->send()
#10 C:\xampp\htdocs\ci4curhatkuy-min\vendor\codeigniter4\framework\system\CodeIgniter.php(503): CodeIgniter\CodeIgniter->runController(Object(App\Controllers\Rating))
#11 C:\xampp\htdocs\ci4curhatkuy-min\vendor\codeigniter4\framework\system\CodeIgniter.php(361): CodeIgniter\CodeIgniter->handleRequest(NULL, Object(Config\Cache), false)
#12 C:\xampp\htdocs\ci4curhatkuy-min\public\index.php(79): CodeIgniter\CodeIgniter->run()
#13 {main}
CRITICAL - 2024-07-10 14:12:47 --> CodeIgniter\Database\Exceptions\DatabaseException: Duplicate entry 'erlanggadafa.p@gmail.com' for key 'PRIMARY'
in SYSTEMPATH\Database\BaseConnection.php on line 647.
 1 SYSTEMPATH\Database\BaseBuilder.php(2307): CodeIgniter\Database\BaseConnection->query('INSERT INTO `rating` (`name`, `email`, `rate`, `message`) VALUES (:name:, :email:, :rate:, :message:)', [...], false)
 2 SYSTEMPATH\Model.php(327): CodeIgniter\Database\BaseBuilder->insert()
 3 SYSTEMPATH\BaseModel.php(805): CodeIgniter\Model->doInsert([...])
 4 SYSTEMPATH\Model.php(749): CodeIgniter\BaseModel->insert([...], false)
 5 SYSTEMPATH\BaseModel.php(716): CodeIgniter\Model->insert([...], false)
 6 APPPATH\Controllers\Rating.php(35): CodeIgniter\BaseModel->save([...])
 7 SYSTEMPATH\CodeIgniter.php(943): App\Controllers\Rating->send()
 8 SYSTEMPATH\CodeIgniter.php(503): CodeIgniter\CodeIgniter->runController(Object(App\Controllers\Rating))
 9 SYSTEMPATH\CodeIgniter.php(361): CodeIgniter\CodeIgniter->handleRequest(null, Object(Config\Cache), false)
10 FCPATH\index.php(79): CodeIgniter\CodeIgniter->run()
CRITICAL - 2024-07-10 14:12:47 --> [Caused by] CodeIgniter\Database\Exceptions\DatabaseException: Duplicate entry 'erlanggadafa.p@gmail.com' for key 'PRIMARY'
in SYSTEMPATH\Database\MySQLi\Connection.php on line 311.
 1 SYSTEMPATH\Database\BaseConnection.php(693): CodeIgniter\Database\MySQLi\Connection->execute('INSERT INTO `rating` (`name`, `email`, `rate`, `message`) VALUES (\'Erlangga Dafa Pratama\', \'erlanggadafa.p@gmail.com\', \'4\', \'dikit\')')
 2 SYSTEMPATH\Database\BaseConnection.php(607): CodeIgniter\Database\BaseConnection->simpleQuery('INSERT INTO `rating` (`name`, `email`, `rate`, `message`) VALUES (\'Erlangga Dafa Pratama\', \'erlanggadafa.p@gmail.com\', \'4\', \'dikit\')')
 3 SYSTEMPATH\Database\BaseBuilder.php(2307): CodeIgniter\Database\BaseConnection->query('INSERT INTO `rating` (`name`, `email`, `rate`, `message`) VALUES (:name:, :email:, :rate:, :message:)', [...], false)
 4 SYSTEMPATH\Model.php(327): CodeIgniter\Database\BaseBuilder->insert()
 5 SYSTEMPATH\BaseModel.php(805): CodeIgniter\Model->doInsert([...])
 6 SYSTEMPATH\Model.php(749): CodeIgniter\BaseModel->insert([...], false)
 7 SYSTEMPATH\BaseModel.php(716): CodeIgniter\Model->insert([...], false)
 8 APPPATH\Controllers\Rating.php(35): CodeIgniter\BaseModel->save([...])
 9 SYSTEMPATH\CodeIgniter.php(943): App\Controllers\Rating->send()
10 SYSTEMPATH\CodeIgniter.php(503): CodeIgniter\CodeIgniter->runController(Object(App\Controllers\Rating))
11 SYSTEMPATH\CodeIgniter.php(361): CodeIgniter\CodeIgniter->handleRequest(null, Object(Config\Cache), false)
12 FCPATH\index.php(79): CodeIgniter\CodeIgniter->run()
CRITICAL - 2024-07-10 14:12:47 --> [Caused by] mysqli_sql_exception: Duplicate entry 'erlanggadafa.p@gmail.com' for key 'PRIMARY'
in SYSTEMPATH\Database\MySQLi\Connection.php on line 306.
 1 SYSTEMPATH\Database\MySQLi\Connection.php(306): mysqli->query('INSERT INTO `rating` (`name`, `email`, `rate`, `message`) VALUES (\'Erlangga Dafa Pratama\', \'erlanggadafa.p@gmail.com\', \'4\', \'dikit\')', 0)
 2 SYSTEMPATH\Database\BaseConnection.php(693): CodeIgniter\Database\MySQLi\Connection->execute('INSERT INTO `rating` (`name`, `email`, `rate`, `message`) VALUES (\'Erlangga Dafa Pratama\', \'erlanggadafa.p@gmail.com\', \'4\', \'dikit\')')
 3 SYSTEMPATH\Database\BaseConnection.php(607): CodeIgniter\Database\BaseConnection->simpleQuery('INSERT INTO `rating` (`name`, `email`, `rate`, `message`) VALUES (\'Erlangga Dafa Pratama\', \'erlanggadafa.p@gmail.com\', \'4\', \'dikit\')')
 4 SYSTEMPATH\Database\BaseBuilder.php(2307): CodeIgniter\Database\BaseConnection->query('INSERT INTO `rating` (`name`, `email`, `rate`, `message`) VALUES (:name:, :email:, :rate:, :message:)', [...], false)
 5 SYSTEMPATH\Model.php(327): CodeIgniter\Database\BaseBuilder->insert()
 6 SYSTEMPATH\BaseModel.php(805): CodeIgniter\Model->doInsert([...])
 7 SYSTEMPATH\Model.php(749): CodeIgniter\BaseModel->insert([...], false)
 8 SYSTEMPATH\BaseModel.php(716): CodeIgniter\Model->insert([...], false)
 9 APPPATH\Controllers\Rating.php(35): CodeIgniter\BaseModel->save([...])
10 SYSTEMPATH\CodeIgniter.php(943): App\Controllers\Rating->send()
11 SYSTEMPATH\CodeIgniter.php(503): CodeIgniter\CodeIgniter->runController(Object(App\Controllers\Rating))
12 SYSTEMPATH\CodeIgniter.php(361): CodeIgniter\CodeIgniter->handleRequest(null, Object(Config\Cache), false)
13 FCPATH\index.php(79): CodeIgniter\CodeIgniter->run()
INFO - 2024-07-10 14:15:02 --> Session: Class initialized using 'CodeIgniter\Session\Handlers\FileHandler' driver.
INFO - 2024-07-10 14:15:03 --> Session: Class initialized using 'CodeIgniter\Session\Handlers\FileHandler' driver.
INFO - 2024-07-10 14:20:17 --> Session: Class initialized using 'CodeIgniter\Session\Handlers\FileHandler' driver.
INFO - 2024-07-10 14:20:47 --> Session: Class initialized using 'CodeIgniter\Session\Handlers\FileHandler' driver.
INFO - 2024-07-10 14:21:01 --> Session: Class initialized using 'CodeIgniter\Session\Handlers\FileHandler' driver.
INFO - 2024-07-10 14:21:21 --> Session: Class initialized using 'CodeIgniter\Session\Handlers\FileHandler' driver.
INFO - 2024-07-10 14:25:49 --> Session: Class initialized using 'CodeIgniter\Session\Handlers\FileHandler' driver.
INFO - 2024-07-10 14:30:13 --> Session: Class initialized using 'CodeIgniter\Session\Handlers\FileHandler' driver.
INFO - 2024-07-10 14:31:11 --> Session: Class initialized using 'CodeIgniter\Session\Handlers\FileHandler' driver.
INFO - 2024-07-10 14:31:12 --> Session: Class initialized using 'CodeIgniter\Session\Handlers\FileHandler' driver.
INFO - 2024-07-10 14:31:32 --> Session: Class initialized using 'CodeIgniter\Session\Handlers\FileHandler' driver.
INFO - 2024-07-10 14:31:33 --> Session: Class initialized using 'CodeIgniter\Session\Handlers\FileHandler' driver.
INFO - 2024-07-10 14:32:11 --> Session: Class initialized using 'CodeIgniter\Session\Handlers\FileHandler' driver.
INFO - 2024-07-10 14:32:52 --> Session: Class initialized using 'CodeIgniter\Session\Handlers\FileHandler' driver.
INFO - 2024-07-10 14:34:49 --> Session: Class initialized using 'CodeIgniter\Session\Handlers\FileHandler' driver.
INFO - 2024-07-10 14:34:59 --> Session: Class initialized using 'CodeIgniter\Session\Handlers\FileHandler' driver.
INFO - 2024-07-10 14:35:17 --> Session: Class initialized using 'CodeIgniter\Session\Handlers\FileHandler' driver.
INFO - 2024-07-10 14:37:49 --> Session: Class initialized using 'CodeIgniter\Session\Handlers\FileHandler' driver.
INFO - 2024-07-10 14:37:50 --> Session: Class initialized using 'CodeIgniter\Session\Handlers\FileHandler' driver.
INFO - 2024-07-10 14:37:50 --> Session: Class initialized using 'CodeIgniter\Session\Handlers\FileHandler' driver.
INFO - 2024-07-10 14:37:50 --> Session: Class initialized using 'CodeIgniter\Session\Handlers\FileHandler' driver.
INFO - 2024-07-10 14:38:01 --> Session: Class initialized using 'CodeIgniter\Session\Handlers\FileHandler' driver.
INFO - 2024-07-10 14:38:16 --> Session: Class initialized using 'CodeIgniter\Session\Handlers\FileHandler' driver.
INFO - 2024-07-10 14:42:54 --> Session: Class initialized using 'CodeIgniter\Session\Handlers\FileHandler' driver.
INFO - 2024-07-10 14:43:12 --> Session: Class initialized using 'CodeIgniter\Session\Handlers\FileHandler' driver.
INFO - 2024-07-10 14:44:23 --> Session: Class initialized using 'CodeIgniter\Session\Handlers\FileHandler' driver.
INFO - 2024-07-10 14:45:01 --> Session: Class initialized using 'CodeIgniter\Session\Handlers\FileHandler' driver.
INFO - 2024-07-10 14:54:08 --> Session: Class initialized using 'CodeIgniter\Session\Handlers\FileHandler' driver.
INFO - 2024-07-10 14:54:17 --> Session: Class initialized using 'CodeIgniter\Session\Handlers\FileHandler' driver.
INFO - 2024-07-10 14:54:18 --> Session: Class initialized using 'CodeIgniter\Session\Handlers\FileHandler' driver.
INFO - 2024-07-10 14:54:20 --> Session: Class initialized using 'CodeIgniter\Session\Handlers\FileHandler' driver.
INFO - 2024-07-10 14:55:52 --> Session: Class initialized using 'CodeIgniter\Session\Handlers\FileHandler' driver.
INFO - 2024-07-10 14:58:21 --> Session: Class initialized using 'CodeIgniter\Session\Handlers\FileHandler' driver.
INFO - 2024-07-10 14:58:23 --> Session: Class initialized using 'CodeIgniter\Session\Handlers\FileHandler' driver.
INFO - 2024-07-10 14:58:25 --> Session: Class initialized using 'CodeIgniter\Session\Handlers\FileHandler' driver.
INFO - 2024-07-10 14:58:51 --> Session: Class initialized using 'CodeIgniter\Session\Handlers\FileHandler' driver.
INFO - 2024-07-10 14:58:51 --> Session: Class initialized using 'CodeIgniter\Session\Handlers\FileHandler' driver.
INFO - 2024-07-10 14:59:02 --> Session: Class initialized using 'CodeIgniter\Session\Handlers\FileHandler' driver.
INFO - 2024-07-10 15:18:13 --> Session: Class initialized using 'CodeIgniter\Session\Handlers\FileHandler' driver.
INFO - 2024-07-10 15:18:23 --> Session: Class initialized using 'CodeIgniter\Session\Handlers\FileHandler' driver.
INFO - 2024-07-10 15:22:11 --> Session: Class initialized using 'CodeIgniter\Session\Handlers\FileHandler' driver.
INFO - 2024-07-10 15:28:05 --> Session: Class initialized using 'CodeIgniter\Session\Handlers\FileHandler' driver.
INFO - 2024-07-10 15:28:39 --> Session: Class initialized using 'CodeIgniter\Session\Handlers\FileHandler' driver.
INFO - 2024-07-10 15:28:40 --> Session: Class initialized using 'CodeIgniter\Session\Handlers\FileHandler' driver.
INFO - 2024-07-10 15:28:52 --> Session: Class initialized using 'CodeIgniter\Session\Handlers\FileHandler' driver.
INFO - 2024-07-10 15:28:53 --> Session: Class initialized using 'CodeIgniter\Session\Handlers\FileHandler' driver.
INFO - 2024-07-10 15:29:09 --> Session: Class initialized using 'CodeIgniter\Session\Handlers\FileHandler' driver.
INFO - 2024-07-10 15:29:35 --> Session: Class initialized using 'CodeIgniter\Session\Handlers\FileHandler' driver.
INFO - 2024-07-10 15:30:48 --> Session: Class initialized using 'CodeIgniter\Session\Handlers\FileHandler' driver.
INFO - 2024-07-10 15:30:49 --> Session: Class initialized using 'CodeIgniter\Session\Handlers\FileHandler' driver.
INFO - 2024-07-10 15:30:58 --> Session: Class initialized using 'CodeIgniter\Session\Handlers\FileHandler' driver.
INFO - 2024-07-10 15:31:04 --> Session: Class initialized using 'CodeIgniter\Session\Handlers\FileHandler' driver.
INFO - 2024-07-10 15:31:22 --> Session: Class initialized using 'CodeIgniter\Session\Handlers\FileHandler' driver.
INFO - 2024-07-10 15:31:22 --> Session: Class initialized using 'CodeIgniter\Session\Handlers\FileHandler' driver.
INFO - 2024-07-10 15:31:28 --> Session: Class initialized using 'CodeIgniter\Session\Handlers\FileHandler' driver.
INFO - 2024-07-10 15:32:12 --> Session: Class initialized using 'CodeIgniter\Session\Handlers\FileHandler' driver.
INFO - 2024-07-10 15:41:01 --> Session: Class initialized using 'CodeIgniter\Session\Handlers\FileHandler' driver.
INFO - 2024-07-10 15:41:07 --> Session: Class initialized using 'CodeIgniter\Session\Handlers\FileHandler' driver.
INFO - 2024-07-10 16:03:57 --> Session: Class initialized using 'CodeIgniter\Session\Handlers\FileHandler' driver.
INFO - 2024-07-10 16:04:04 --> Session: Class initialized using 'CodeIgniter\Session\Handlers\FileHandler' driver.
